<?xml version="1.0" encoding="UTF-8"?>
<databaseChangeLog logicalFilePath="changeLog.xml" xmlns="http://www.liquibase.org/xml/ns/dbchangelog"
                   xmlns:xsi="http://www.w3.org/2001/XMLSchema-instance"
                   xsi:schemaLocation="http://www.liquibase.org/xml/ns/dbchangelog http://www.liquibase.org/xml/ns/dbchangelog/dbchangelog-3.4.xsd">

    <include file="sets/db_changelog_create_table_0_0_1.xml"></include>
    <include file="sets/db_changelog_alter_table_0_0_1.xml"></include>
    <include file="sets/db_changelog_STARTUPHUB-2280.sql"></include>
    <include file="sets/db_changelog_create_table_0_0_2.xml"></include>
    <include file="sets/db_changelog_alter_table_0_0_2.xml"></include>
    <include file="sets/db_changelog_alter_table_STARTUPHUB-2387.sql"></include>
    <include file="sets/db_changelog_STARTUPHUB-3909.sql"></include>
    <include file="sets/db_changelog_file_hash.sql"></include>

</databaseChangeLog>
