<configuration>
    <include resource="org/springframework/boot/logging/logback/defaults.xml"/>
    <appender name="CONSOLE" class="ch.qos.logback.core.ConsoleAppender">
        <encoder>
            <pattern>${CONSOLE_LOG_PATTERN}</pattern>
            <charset>utf8</charset>
        </encoder>
    </appender>

    <appender name="kafka-appender" class="com.github.danielwegener.logback.kafka.KafkaAppender">
        <encoder class="net.logstash.logback.encoder.LogstashEncoder"/>
        <topic>{topic}</topic>
        <keyingStrategy class="com.github.danielwegener.logback.kafka.keying.NoKeyKeyingStrategy"/>
        <deliveryStrategy class="com.github.danielwegener.logback.kafka.delivery.AsynchronousDeliveryStrategy"/>
        <producerConfig>bootstrap.servers={servers}
        </producerConfig>
        <producerConfig>ssl.keystore.location={keyStoreLocation}
        </producerConfig>
        <producerConfig>ssl.keystore.password={keyPassword}</producerConfig>
        <producerConfig>ssl.truststore.location={trustStoreLocation}
        </producerConfig>
        <producerConfig>ssl.truststore.password={trustStorePassword}</producerConfig>
        <producerConfig>security.protocol=SSL</producerConfig>
        <appender-ref ref="CONSOLE"/>
    </appender>

    <root level="info">
        <appender-ref ref="CONSOLE"/>
        <appender-ref ref="kafka-appender"/>
    </root>
    <logger name="ru.sberx" level="DEBUG"/>

    {receivers}

</configuration>