<?xml version="1.0" encoding="UTF-8"?>
<configuration>
    <property name="LOGS" value="./logs" />
    <appender name="Console"
              class="ch.qos.logback.core.ConsoleAppender">
        <layout class="ch.qos.logback.classic.PatternLayout">
            <Pattern>
                %d{HH:mm:ss.SSS} [%thread][%-5level] %logger{36} - %msg%n
            </Pattern>
        </layout>
    </appender>

    <appender name="RollingFile"
              class="ch.qos.logback.core.rolling.RollingFileAppender">
        <file>${LOGS}/infoexchange.log</file>
        <encoder
                class="ch.qos.logback.classic.encoder.PatternLayoutEncoder">
            <Pattern>
                %d{HH:mm:ss.SSS} [%thread][%-5level] %logger{36} - %msg%n
            </Pattern>
        </encoder>

        <rollingPolicy
                class="ch.qos.logback.core.rolling.TimeBasedRollingPolicy">
            <!-- rollover daily and when the file reaches 10 MegaBytes -->
            <fileNamePattern>${LOGS}/archived/spring-boot-logger-%d{yyyy-MM-dd}.%i.log
            </fileNamePattern>
            <timeBasedFileNamingAndTriggeringPolicy
                    class="ch.qos.logback.core.rolling.SizeAndTimeBasedFNATP">
                <maxFileSize>10MB</maxFileSize>
            </timeBasedFileNamingAndTriggeringPolicy>
        </rollingPolicy>
    </appender>

    <root level="debug">
        <appender-ref ref="RollingFile" />
        <appender-ref ref="Console" />
    </root>

</configuration>