<configuration>
    <include resource="org/springframework/boot/logging/logback/defaults.xml"/>
    <appender name="CONSOLE" class="ch.qos.logback.core.ConsoleAppender">
        <encoder>
            <pattern>${CONSOLE_LOG_PATTERN}</pattern>
            <charset>utf8</charset>
        </encoder>
    </appender>

    <appender name="graylog-appender" class="de.siegmar.logbackgelf.GelfUdpAppender">
        <filter class="ch.qos.logback.classic.filter.ThresholdFilter">
            <level>DEBUG</level>
        </filter>
        <graylogHost>graylog-node-001.sb-tel.local</graylogHost>
        <graylogPort>12230</graylogPort>
        <encoder class="de.siegmar.logbackgelf.GelfEncoder">
            <originHost>ru.telecom.gateway</originHost>
            <staticField>input:sberdev</staticField>
            <staticField>Application:rest-adapter-mnp</staticField>
            <staticField>Stand:test</staticField>
            <staticField>facility:sberTelecom</staticField>
        </encoder>
    </appender>

    <root level="DEBUG">
        <appender-ref ref="CONSOLE"/>
        <appender-ref ref="graylog-appender"/>
    </root>

    <logger name="ru.sberx" level="DEBUG"/>
    <logger name="org.springframework" level="INFO"/>

</configuration>