<?xml version="1.0" encoding="UTF-8"?>
<databaseChangeLog logicalFilePath="changeLog.xml" xmlns="http://www.liquibase.org/xml/ns/dbchangelog"
                   xmlns:xsi="http://www.w3.org/2001/XMLSchema-instance"
                   xsi:schemaLocation="http://www.liquibase.org/xml/ns/dbchangelog http://www.liquibase.org/xml/ns/dbchangelog/dbchangelog-3.4.xsd">

    <changeSet author="Mirov AA" id="create_table_data_object">
        <createTable tableName="data_object">
            <column name="id" type="bigint" autoIncrement="true">
                <constraints nullable="false" primaryKey="true" primaryKeyName="data_object_pkey"/>
            </column>
            <column name="sysname" type="varchar(255)">
                <constraints nullable="true"/>
            </column>
            <column name="data" type="bytea">
                <constraints nullable="true"/>
            </column>
            <column name="contenttype" type="varchar(155)">
                <constraints nullable="false"/>
            </column>
            <column name="name" type="varchar(200)">
                <constraints nullable="false"/>
            </column>
        </createTable>
    </changeSet>

</databaseChangeLog>