<?xml version="1.0" encoding="UTF-8"?>
<databaseChangeLog logicalFilePath="changeLog.xml" xmlns="http://www.liquibase.org/xml/ns/dbchangelog"
                   xmlns:xsi="http://www.w3.org/2001/XMLSchema-instance"
                   xsi:schemaLocation="http://www.liquibase.org/xml/ns/dbchangelog http://www.liquibase.org/xml/ns/dbchangelog/dbchangelog-3.4.xsd">

    <changeSet author="Timoshkin MA" id="alter_table_data_object_add_av_columns">
        <addColumn tableName="data_object">
            <column name="av_status" type="varchar(20)"/>
            <column name="sha256" type="varchar(64)"/>
            <column name="task_id" type="varchar(40)"/>
            <column name="create_dttm" type="timestamp"/>
        </addColumn>
        
        <createIndex tableName="data_object" indexName="x1_data_object">
            <column name="sha256"/>
        </createIndex>
    </changeSet>

</databaseChangeLog>