<?xml version="1.0" encoding="UTF-8"?>
<databaseChangeLog logicalFilePath="changeLog.xml" xmlns="http://www.liquibase.org/xml/ns/dbchangelog"
                   xmlns:xsi="http://www.w3.org/2001/XMLSchema-instance"
                   xsi:schemaLocation="http://www.liquibase.org/xml/ns/dbchangelog http://www.liquibase.org/xml/ns/dbchangelog/dbchangelog-3.4.xsd">
    <changeSet author="Mirov AA" id="create_index">
        <createIndex indexName="x1_guide" tableName="guide">
            <column name="id"/>
            <column name="isdisabled"/>
        </createIndex>
        <createIndex indexName="x1_guide_object" tableName="guide_object">
            <column name="guideid"/>
        </createIndex>
    </changeSet>
</databaseChangeLog>