<?xml version="1.0" encoding="UTF-8"?>
<databaseChangeLog logicalFilePath="changeLog.xml" xmlns="http://www.liquibase.org/xml/ns/dbchangelog"
                   xmlns:xsi="http://www.w3.org/2001/XMLSchema-instance"
                   xsi:schemaLocation="http://www.liquibase.org/xml/ns/dbchangelog http://www.liquibase.org/xml/ns/dbchangelog/dbchangelog-3.4.xsd">
    <changeSet author="Mirov AA" id="insert_auth">

        <insert tableName="guide_object">
            <column name="objectname" value="Auth"/>
            <column name="attributename" value="Страница регистрации"/>
            <column name="guideid" value="23000"/>
        </insert>

        <insert tableName="guide">
            <column name="code" value="23001"/>
            <column name="name" value="Стартапам"/>
            <column name="id" value="23000"/>
            <column name="value" value="{&#34;value&#34;:{&#34;title&#34;: &#34;Стартапам&#34;,&#34;description&#34;: &#34;Если у Вашего юридического лица нет учетной записи в СберБизнес, то пройдите регистрацию. (Регистрация СберБизнес ID не обязывает Вас открывать расчетный счет в Сбере).&#34;,&#34;ui&#34;: &#34;SBBID&#34;,&#34;buttonTitle&#34;: &#34;Регистрация по СберБизнес ID&#34;,&#34;buttonAction&#34;: &#34;/preauthorize&#34;}}"/>
        </insert>

        <insert tableName="guide">
            <column name="code" value="23001"/>
            <column name="name" value="Корпорациям"/>
            <column name="id" value="23000"/>
            <column name="value" value="{&#34;value&#34;:{&#34;title&#34;: &#34;Корпорациям&#34;,&#34;description&#34;: &#34;Заполните шаблон для рассмотрения Вашей заявки на регистрацию на платформе SberUnity&#34;,&#34;ui&#34;: &#34;default&#34;,&#34;buttonTitle&#34;: &#34;Заполнить шаблон&#34;,&#34;buttonAction&#34;: &#34;mailto:sberunity@sberbank.ru?subject=%D0%A0%D0%B5%D0%B3%D0%B8%D1%81%D1%82%D1%80%D0%B0%D1%86%D0%B8%D1%8F%20%D0%BA%D0%BE%D1%80%D0%BF%D0%BE%D1%80%D0%B0%D1%86%D0%B8%D0%B8%20%D0%BD%D0%B0%20%D0%BF%D0%BB%D0%B0%D1%82%D1%84%D0%BE%D1%80%D0%BC%D0%B5%20unity&#38;body=%D0%97%D0%B4%D1%80%D0%B0%D0%B2%D1%81%D1%82%D0%B2%D1%83%D0%B9%D1%82%D0%B5%21%0D%0A%0D%0A%D0%AF%20%D1%85%D0%BE%D1%87%D1%83%20%D0%BF%D1%80%D0%B8%D1%81%D0%BE%D0%B5%D0%B4%D0%B8%D0%BD%D0%B8%D1%82%D1%8C%D1%81%D1%8F%20%D0%BA%20%D0%BF%D0%BB%D0%B0%D1%82%D1%84%D0%BE%D1%80%D0%BC%D0%B5%20SberUnity.%0D%0A%0D%0A%D0%9D%D0%B0%D0%BF%D1%80%D0%B0%D0%B2%D0%BB%D1%8F%D1%8E%20%D0%BD%D0%B5%D0%BE%D0%B1%D1%85%D0%BE%D0%B4%D0%B8%D0%BC%D1%83%D1%8E%20%D0%B8%D0%BD%D1%84%D0%BE%D1%80%D0%BC%D0%B0%D1%86%D0%B8%D1%8E%3A%0D%0A%0D%0A%091.%20%D0%A4%D0%98%D0%9E%3A%20%3C%D0%A3%D0%BA%D0%B0%D0%B6%D0%B8%D1%82%D0%B5%20%D0%A4%D0%98%D0%9E%20%D0%BF%D1%80%D0%B5%D0%B4%D1%81%D1%82%D0%B0%D0%B2%D0%B8%D1%82%D0%B5%D0%BB%D1%8F%20%D0%9A%D0%BE%D1%80%D0%BF%D0%BE%D1%80%D0%B0%D1%86%D0%B8%D0%B8%3E%0D%0A%0D%0A%092.%20%D0%94%D0%BE%D0%BB%D0%B6%D0%BD%D0%BE%D1%81%D1%82%D1%8C%3A%0D%0A%0D%0A%093.%20%D0%9D%D0%B0%D0%B7%D0%B2%D0%B0%D0%BD%D0%B8%D0%B5%20%D0%BA%D0%BE%D0%BC%D0%BF%D0%B0%D0%BD%D0%B8%D0%B8%3A%20%3C%D0%A3%D0%BA%D0%B0%D0%B6%D0%B8%D1%82%D0%B5%20%D0%BF%D0%BE%D0%BB%D0%BD%D0%BE%D0%B5%20%D0%BD%D0%B0%D0%B8%D0%BC%D0%B5%D0%BD%D0%BE%D0%B2%D0%B0%D0%BD%D0%B8%D0%B5%3E%0D%0A%0D%0A%094.%20%D0%98%D0%9D%D0%9D%20%D0%BA%D0%BE%D0%BC%D0%BF%D0%B0%D0%BD%D0%B8%D0%B8%3A%20%0D%0A%0D%0A%095.%20%D0%92%D0%B5%D0%B1%D1%81%D0%B0%D0%B9%D1%82%3A%0D%0A%0D%0A%096.%20%D0%9A%D0%BE%D1%80%D0%BF%D0%BE%D1%80%D0%B0%D1%82%D0%B8%D0%B2%D0%BD%D0%B0%D1%8F%20%D0%BF%D0%BE%D1%87%D1%82%D0%B0%20%28%D0%B8%D0%BC%D0%B5%D0%B9%D0%BB%29%3A%0D%0A%0D%0A%097.%20%D0%9A%D0%BE%D0%BD%D1%82%D0%B0%D0%BA%D1%82%D0%BD%D1%8B%D0%B9%20%D1%82%D0%B5%D0%BB%D0%B5%D1%84%D0%BE%D0%BD%3A%0D%0A%0D%0A%D0%9D%D0%B0%D0%BF%D1%80%D0%B0%D0%B2%D0%BB%D1%8F%D1%8F%20%D0%B4%D0%B0%D0%BD%D0%BD%D0%BE%D0%B5%20%D0%BF%D0%B8%D1%81%D1%8C%D0%BC%D0%BE%2C%20%D1%8F%20%D0%BF%D0%BE%D0%B4%D1%82%D0%B2%D0%B5%D1%80%D0%B6%D0%B4%D0%B0%D1%8E%20%D1%81%D0%BE%D0%B3%D0%BB%D0%B0%D1%81%D0%B8%D0%B5%20%D1%81%20%D0%9F%D0%BE%D0%BB%D0%B8%D1%82%D0%B8%D0%BA%D0%BE%D0%B9%20%D0%BF%D1%80%D0%B5%D0%B4%D0%BE%D1%81%D1%82%D0%B0%D0%B2%D0%BB%D0%B5%D0%BD%D0%B8%D1%8F%20%D0%B8%20%D0%BE%D0%B1%D1%80%D0%B0%D0%B1%D0%BE%D1%82%D0%BA%D0%B8%20%D0%BF%D0%B5%D1%80%D1%81%D0%BE%D0%BD%D0%B0%D0%BB%D1%8C%D0%BD%D1%8B%D1%85%20%D0%B4%D0%B0%D0%BD%D0%BD%D1%8B%D1%85%20http%3A%2F%2Fsber.me%2F%3Fp%3DfS8n8%20.&#34;}}"/>
        </insert>

        <insert tableName="guide">
            <column name="code" value="23002"/>
            <column name="name" value="Инвесторам"/>
            <column name="id" value="23000"/>
            <column name="value" value="{&#34;value&#34;:{&#34;title&#34;: &#34;Инвесторам&#34;,&#34;description&#34;: &#34;Заполните шаблон для рассмотрения Вашей заявки на регистрацию на платформе SberUnity&#34;,&#34;ui&#34;: &#34;default&#34;,&#34;buttonTitle&#34;: &#34;Заполнить шаблон&#34;,&#34;buttonAction&#34;: &#34;mailto:sberunity@sberbank.ru?subject=%D0%A0%D0%B5%D0%B3%D0%B8%D1%81%D1%82%D1%80%D0%B0%D1%86%D0%B8%D1%8F%20%D0%B8%D0%BD%D0%B2%D0%B5%D1%81%D1%82%D0%BE%D1%80%D0%B0%20%D0%BD%D0%B0%20%D0%BF%D0%BB%D0%B0%D1%82%D1%84%D0%BE%D1%80%D0%BC%D0%B5%20unity&#38;body=%D0%97%D0%B4%D1%80%D0%B0%D0%B2%D1%81%D1%82%D0%B2%D1%83%D0%B9%D1%82%D0%B5%21%0D%0A%0D%0A%D0%AF%20%D1%85%D0%BE%D1%87%D1%83%20%D0%BF%D1%80%D0%B8%D1%81%D0%BE%D0%B5%D0%B4%D0%B8%D0%BD%D0%B8%D1%82%D1%8C%D1%81%D1%8F%20%D0%BA%20%D0%BF%D0%BB%D0%B0%D1%82%D1%84%D0%BE%D1%80%D0%BC%D0%B5%20SberUnity.%0D%0A%0D%0A%D0%9D%D0%B0%D0%BF%D1%80%D0%B0%D0%B2%D0%BB%D1%8F%D1%8E%20%D0%BD%D0%B5%D0%BE%D0%B1%D1%85%D0%BE%D0%B4%D0%B8%D0%BC%D1%83%D1%8E%20%D0%B8%D0%BD%D1%84%D0%BE%D1%80%D0%BC%D0%B0%D1%86%D0%B8%D1%8E%3A%0D%0A%0D%0A%091.%20%D0%A4%D0%98%D0%9E%3A%20%3C%D0%A3%D0%BA%D0%B0%D0%B6%D0%B8%D1%82%D0%B5%20%D0%A4%D0%98%D0%9E%20%D0%BF%D1%80%D0%B5%D0%B4%D1%81%D1%82%D0%B0%D0%B2%D0%B8%D1%82%D0%B5%D0%BB%D1%8F%20%D0%92%D0%B5%D0%BD%D1%87%D1%83%D1%80%D0%BD%D0%BE%D0%B3%D0%BE%20%D1%84%D0%BE%D0%BD%D0%B4%D0%B0.%20%D0%95%D1%81%D0%BB%D0%B8%20%D0%B2%D1%8B%20%D0%91%D0%B8%D0%B7%D0%BD%D0%B5%D1%81-%D0%B0%D0%BD%D0%B3%D0%B5%D0%BB%2C%20%D1%82%D0%BE%20%D1%83%D0%BA%D0%B0%D0%B6%D0%B8%D1%82%D0%B5%20%D0%92%D0%B0%D1%88%D0%B5%20%D0%B8%D0%BC%D1%8F.%3E%0D%0A%0D%0A%092.%20%D0%94%D0%BE%D0%BB%D0%B6%D0%BD%D0%BE%D1%81%D1%82%D1%8C%3A%0D%0A%0D%0A%093.%20%D0%9D%D0%B0%D0%B7%D0%B2%D0%B0%D0%BD%D0%B8%D0%B5%20%D0%BA%D0%BE%D0%BC%D0%BF%D0%B0%D0%BD%D0%B8%D0%B8%3A%20%3C%D0%A3%D0%BA%D0%B0%D0%B6%D0%B8%D1%82%D0%B5%20%D0%BF%D0%BE%D0%BB%D0%BD%D0%BE%D0%B5%20%D0%BD%D0%B0%D0%B8%D0%BC%D0%B5%D0%BD%D0%BE%D0%B2%D0%B0%D0%BD%D0%B8%D0%B5%3E%0D%0A%0D%0A%094.%20%D0%98%D0%9D%D0%9D%20%D0%BA%D0%BE%D0%BC%D0%BF%D0%B0%D0%BD%D0%B8%D0%B8%3A%20%0D%0A%0D%0A%095.%20%D0%92%D0%B5%D0%B1%D1%81%D0%B0%D0%B9%D1%82%3A%0D%0A%0D%0A%096.%20%D0%9A%D0%BE%D1%80%D0%BF%D0%BE%D1%80%D0%B0%D1%82%D0%B8%D0%B2%D0%BD%D0%B0%D1%8F%20%D0%BF%D0%BE%D1%87%D1%82%D0%B0%20%28%D0%B8%D0%BC%D0%B5%D0%B9%D0%BB%29%3A%0D%0A%0D%0A%097.%20%D0%9A%D0%BE%D0%BD%D1%82%D0%B0%D0%BA%D1%82%D0%BD%D1%8B%D0%B9%20%D1%82%D0%B5%D0%BB%D0%B5%D1%84%D0%BE%D0%BD%3A%0D%0A%0D%0A%D0%9D%D0%B0%D0%BF%D1%80%D0%B0%D0%B2%D0%BB%D1%8F%D1%8F%20%D0%B4%D0%B0%D0%BD%D0%BD%D0%BE%D0%B5%20%D0%BF%D0%B8%D1%81%D1%8C%D0%BC%D0%BE%2C%20%D1%8F%20%D0%BF%D0%BE%D0%B4%D1%82%D0%B2%D0%B5%D1%80%D0%B6%D0%B4%D0%B0%D1%8E%20%D1%81%D0%BE%D0%B3%D0%BB%D0%B0%D1%81%D0%B8%D0%B5%20%D1%81%20%D0%9F%D0%BE%D0%BB%D0%B8%D1%82%D0%B8%D0%BA%D0%BE%D0%B9%20%D0%BF%D1%80%D0%B5%D0%B4%D0%BE%D1%81%D1%82%D0%B0%D0%B2%D0%BB%D0%B5%D0%BD%D0%B8%D1%8F%20%D0%B8%20%D0%BE%D0%B1%D1%80%D0%B0%D0%B1%D0%BE%D1%82%D0%BA%D0%B8%20%D0%BF%D0%B5%D1%80%D1%81%D0%BE%D0%BD%D0%B0%D0%BB%D1%8C%D0%BD%D1%8B%D1%85%20%D0%B4%D0%B0%D0%BD%D0%BD%D1%8B%D1%85%20http%3A%2F%2Fsber.me%2F%3Fp%3DqMnc1%20.&#34;}}"/>
        </insert>

    </changeSet>

</databaseChangeLog>