<?xml version="1.0" encoding="UTF-8"?>
<databaseChangeLog logicalFilePath="changeLog.xml" xmlns="http://www.liquibase.org/xml/ns/dbchangelog"
                   xmlns:xsi="http://www.w3.org/2001/XMLSchema-instance"
                   xsi:schemaLocation="http://www.liquibase.org/xml/ns/dbchangelog http://www.liquibase.org/xml/ns/dbchangelog/dbchangelog-3.4.xsd">
    <changeSet author="Mirov AA" id="insert_round">

        <insert tableName="guide">
            <column name="code" value="6001"/>
            <column name="name" value="Пред-посевной"/>
            <column name="id" value="6000"/>
        </insert>
        <insert tableName="guide">
            <column name="code" value="6002"/>
            <column name="name" value="Посевной раунд"/>
            <column name="id" value="6000"/>
        </insert>
        <insert tableName="guide">
            <column name="code" value="6003"/>
            <column name="name" value="Раунд А"/>
            <column name="id" value="6000"/>
        </insert>
        <insert tableName="guide">
            <column name="code" value="6004"/>
            <column name="name" value="Раунд В"/>
            <column name="id" value="6000"/>
        </insert>
        <insert tableName="guide">
            <column name="code" value="6005"/>
            <column name="name" value="Раунд С+"/>
            <column name="id" value="6000"/>
        </insert>

    </changeSet>

</databaseChangeLog>