<?xml version="1.0" encoding="UTF-8"?>
<databaseChangeLog logicalFilePath="changeLog.xml" xmlns="http://www.liquibase.org/xml/ns/dbchangelog"
                   xmlns:xsi="http://www.w3.org/2001/XMLSchema-instance"
                   xsi:schemaLocation="http://www.liquibase.org/xml/ns/dbchangelog http://www.liquibase.org/xml/ns/dbchangelog/dbchangelog-3.4.xsd">
    <changeSet author="Mirov AA" id="insert_investortype">

        <insert tableName="guide">
            <column name="code" value="11001"/>
            <column name="name" value="Венчурный фонд"/>
            <column name="id" value="11000"/>
        </insert>
        <insert tableName="guide">
            <column name="code" value="11002"/>
            <column name="name" value="Бизнес-ангел"/>
            <column name="id" value="11000"/>
        </insert>
        <insert tableName="guide">
            <column name="code" value="11003"/>
            <column name="name" value="Институт развития"/>
            <column name="id" value="11000"/>
        </insert>
        <insert tableName="guide">
            <column name="code" value="11004"/>
            <column name="name" value="Family Office"/>
            <column name="id" value="11000"/>
        </insert>

    </changeSet>

</databaseChangeLog>