<?xml version="1.0" encoding="UTF-8"?>
<databaseChangeLog logicalFilePath="changeLog.xml" xmlns="http://www.liquibase.org/xml/ns/dbchangelog"
                   xmlns:xsi="http://www.w3.org/2001/XMLSchema-instance"
                   xsi:schemaLocation="http://www.liquibase.org/xml/ns/dbchangelog http://www.liquibase.org/xml/ns/dbchangelog/dbchangelog-3.4.xsd">
    <changeSet author="Mirov AA" id="insert_interactiontype">

        <insert tableName="guide">
            <column name="code" value="8001"/>
            <column name="name" value="b2b"/>
            <column name="id" value="8000"/>
        </insert>
        <insert tableName="guide">
            <column name="code" value="8002"/>
            <column name="name" value="b2c"/>
            <column name="id" value="8000"/>
        </insert>
        <insert tableName="guide">
            <column name="code" value="8003"/>
            <column name="name" value="c2c"/>
            <column name="id" value="8000"/>
        </insert>
        <insert tableName="guide">
            <column name="code" value="8004"/>
            <column name="name" value="b2g"/>
            <column name="id" value="8000"/>
        </insert>
        <insert tableName="guide">
            <column name="code" value="8005"/>
            <column name="name" value="b2o"/>
            <column name="id" value="8000"/>
        </insert>
        <insert tableName="guide">
            <column name="code" value="8006"/>
            <column name="name" value="b2b2c"/>
            <column name="id" value="8000"/>
        </insert>
        <insert tableName="guide">
            <column name="code" value="8007"/>
            <column name="name" value="FMCG"/>
            <column name="id" value="8000"/>
        </insert>

    </changeSet>

</databaseChangeLog>