<?xml version="1.0" encoding="UTF-8"?>
<databaseChangeLog logicalFilePath="changeLog.xml" xmlns="http://www.liquibase.org/xml/ns/dbchangelog"
                   xmlns:xsi="http://www.w3.org/2001/XMLSchema-instance"
                   xsi:schemaLocation="http://www.liquibase.org/xml/ns/dbchangelog http://www.liquibase.org/xml/ns/dbchangelog/dbchangelog-3.4.xsd">
    <changeSet author="Mirov AA" id="insert_stady">

        <insert tableName="guide">
            <column name="code" value="7001"/>
            <column name="name" value="Без MVP"/>
            <column name="id" value="7000"/>
        </insert>
        <insert tableName="guide">
            <column name="code" value="7002"/>
            <column name="name" value="MVP"/>
            <column name="id" value="7000"/>
        </insert>
        <insert tableName="guide">
            <column name="code" value="7003"/>
            <column name="name" value="Посевная стадия"/>
            <column name="id" value="7000"/>
        </insert>
        <insert tableName="guide">
            <column name="code" value="7004"/>
            <column name="name" value="	Стартап стадия"/>
            <column name="id" value="7000"/>
        </insert>
        <insert tableName="guide">
            <column name="code" value="7005"/>
            <column name="name" value="Ранний рост"/>
            <column name="id" value="7000"/>
        </insert>
        <insert tableName="guide">
            <column name="code" value="7006"/>
            <column name="name" value="Масштабирование"/>
            <column name="id" value="7000"/>
        </insert>
        <insert tableName="guide">
            <column name="code" value="7007"/>
            <column name="name" value="Стадия выхода"/>
            <column name="id" value="7000"/>
        </insert>

    </changeSet>

</databaseChangeLog>