<?xml version="1.0" encoding="UTF-8"?>
<databaseChangeLog logicalFilePath="changeLog.xml" xmlns="http://www.liquibase.org/xml/ns/dbchangelog"
                   xmlns:xsi="http://www.w3.org/2001/XMLSchema-instance"
                   xsi:schemaLocation="http://www.liquibase.org/xml/ns/dbchangelog http://www.liquibase.org/xml/ns/dbchangelog/dbchangelog-3.4.xsd">
    <changeSet author="Mirov AA" id="insert_industry">

        <insert tableName="guide">
            <column name="code" value="3001"/>
            <column name="name" value="Marketing"/>
            <column name="id" value="3000"/>
        </insert>
        <insert tableName="guide">
            <column name="code" value="3002"/>
            <column name="name" value="Education"/>
            <column name="id" value="3000"/>
        </insert>
        <insert tableName="guide">
            <column name="code" value="3003"/>
            <column name="name" value="EduTech"/>
            <column name="id" value="3000"/>
        </insert>
        <insert tableName="guide">
            <column name="code" value="3004"/>
            <column name="name" value="HealthTech"/>
            <column name="id" value="3000"/>
        </insert>
        <insert tableName="guide">
            <column name="code" value="3005"/>
            <column name="name" value="Fintech"/>
            <column name="id" value="3000"/>
        </insert>
        <insert tableName="guide">
            <column name="code" value="3006"/>
            <column name="name" value="Foodtech"/>
            <column name="id" value="3000"/>
        </insert>
        <insert tableName="guide">
            <column name="code" value="3007"/>
            <column name="name" value="Cyber-security"/>
            <column name="id" value="3000"/>
        </insert>

    </changeSet>

</databaseChangeLog>