<?xml version="1.0" encoding="UTF-8"?>
<databaseChangeLog logicalFilePath="changeLog.xml" xmlns="http://www.liquibase.org/xml/ns/dbchangelog"
                   xmlns:xsi="http://www.w3.org/2001/XMLSchema-instance"
                   xsi:schemaLocation="http://www.liquibase.org/xml/ns/dbchangelog http://www.liquibase.org/xml/ns/dbchangelog/dbchangelog-3.4.xsd">
    <changeSet author="Mirov AA" id="insert_staff">

        <insert tableName="guide">
            <column name="code" value="9001"/>
            <column name="name" value="1-10"/>
            <column name="extra" value="radio"/>
            <column name="id" value="9000"/>
        </insert>
        <insert tableName="guide">
            <column name="code" value="9002"/>
            <column name="name" value="11-20"/>
            <column name="extra" value="radio"/>
            <column name="id" value="9000"/>
        </insert>
        <insert tableName="guide">
            <column name="code" value="9003"/>
            <column name="name" value="21-50"/>
            <column name="extra" value="radio"/>
            <column name="id" value="9000"/>
        </insert>
        <insert tableName="guide">
            <column name="code" value="9004"/>
            <column name="name" value="51-100"/>
            <column name="extra" value="radio"/>
            <column name="id" value="9000"/>
        </insert>
        <insert tableName="guide">
            <column name="code" value="9005"/>
            <column name="name" value="101-500"/>
            <column name="extra" value="radio"/>
            <column name="id" value="9000"/>
        </insert>
        <insert tableName="guide">
            <column name="code" value="9006"/>
            <column name="name" value="501-1000"/>
            <column name="extra" value="radio"/>
            <column name="id" value="9000"/>
        </insert>

    </changeSet>

</databaseChangeLog>