<?xml version="1.0" encoding="UTF-8"?>
<databaseChangeLog logicalFilePath="changeLog.xml" xmlns="http://www.liquibase.org/xml/ns/dbchangelog"
                   xmlns:xsi="http://www.w3.org/2001/XMLSchema-instance"
                   xsi:schemaLocation="http://www.liquibase.org/xml/ns/dbchangelog http://www.liquibase.org/xml/ns/dbchangelog/dbchangelog-3.4.xsd">
    <changeSet author="Mirov AA" id="insert_technology">

        <insert tableName="guide">
            <column name="code" value="13001"/>
            <column name="name" value="AI"/>
            <column name="id" value="13000"/>
        </insert>
        <insert tableName="guide">
            <column name="code" value="13002"/>
            <column name="name" value="RPA"/>
            <column name="id" value="13000"/>
        </insert>
        <insert tableName="guide">
            <column name="code" value="13003"/>
            <column name="name" value="Automatization"/>
            <column name="id" value="13000"/>
        </insert>
        <insert tableName="guide">
            <column name="code" value="13004"/>
            <column name="name" value="Marketplace"/>
            <column name="id" value="13000"/>
        </insert>
        <insert tableName="guide">
            <column name="code" value="13005"/>
            <column name="name" value="BigData"/>
            <column name="id" value="13000"/>
        </insert>
        <insert tableName="guide">
            <column name="code" value="13006"/>
            <column name="name" value="Analytics"/>
            <column name="id" value="13000"/>
        </insert>
        <insert tableName="guide">
            <column name="code" value="13007"/>
            <column name="name" value="AR/VR"/>
            <column name="id" value="13000"/>
        </insert>
        <insert tableName="guide">
            <column name="code" value="13008"/>
            <column name="name" value="Cloud"/>
            <column name="id" value="13000"/>
        </insert>

    </changeSet>

</databaseChangeLog>