<?xml version="1.0" encoding="UTF-8"?>
<databaseChangeLog logicalFilePath="changeLog.xml" xmlns="http://www.liquibase.org/xml/ns/dbchangelog"
                   xmlns:xsi="http://www.w3.org/2001/XMLSchema-instance"
                   xsi:schemaLocation="http://www.liquibase.org/xml/ns/dbchangelog http://www.liquibase.org/xml/ns/dbchangelog/dbchangelog-3.4.xsd">
    <changeSet author="Mirov AA" id="insert_geography">

        <insert tableName="guide">
            <column name="code" value="2001"/>
            <column name="name" value="Австралия"/>
            <column name="id" value="2000"/>
        </insert>

        <insert tableName="guide">
            <column name="code" value="2002"/>
            <column name="name" value="Австрия"/>
            <column name="id" value="2000"/>
        </insert>

        <insert tableName="guide">
            <column name="code" value="2003"/>
            <column name="name" value="Азербайджан"/>
            <column name="id" value="2000"/>
        </insert>

        <insert tableName="guide">
            <column name="code" value="2004"/>
            <column name="name" value="Албания"/>
            <column name="id" value="2000"/>
        </insert>

        <insert tableName="guide">
            <column name="code" value="2005"/>
            <column name="name" value="Алжир"/>
            <column name="id" value="2000"/>
        </insert>

        <insert tableName="guide">
            <column name="code" value="2006"/>
            <column name="name" value="Ангола"/>
            <column name="id" value="2000"/>
        </insert>

        <insert tableName="guide">
            <column name="code" value="2007"/>
            <column name="name" value="Андорра"/>
            <column name="id" value="2000"/>
        </insert>

        <insert tableName="guide">
            <column name="code" value="2008"/>
            <column name="name" value="Антигуа и Барбуда"/>
            <column name="id" value="2000"/>
        </insert>

        <insert tableName="guide">
            <column name="code" value="2009"/>
            <column name="name" value="Аргентина"/>
            <column name="id" value="2000"/>
        </insert>

        <insert tableName="guide">
            <column name="code" value="2010"/>
            <column name="name" value="Армения"/>
            <column name="id" value="2000"/>
        </insert>

        <insert tableName="guide">
            <column name="code" value="2011"/>
            <column name="name" value="Афганистан"/>
            <column name="id" value="2000"/>
        </insert>

        <insert tableName="guide">
            <column name="code" value="2012"/>
            <column name="name" value="Багамы"/>
            <column name="id" value="2000"/>
        </insert>

        <insert tableName="guide">
            <column name="code" value="2013"/>
            <column name="name" value="Бангладеш"/>
            <column name="id" value="2000"/>
        </insert>

        <insert tableName="guide">
            <column name="code" value="2014"/>
            <column name="name" value="Барбадос"/>
            <column name="id" value="2000"/>
        </insert>

        <insert tableName="guide">
            <column name="code" value="2015"/>
            <column name="name" value="Бахрейн"/>
            <column name="id" value="2000"/>
        </insert>

        <insert tableName="guide">
            <column name="code" value="2016"/>
            <column name="name" value="Белоруссия"/>
            <column name="id" value="2000"/>
        </insert>

        <insert tableName="guide">
            <column name="code" value="2017"/>
            <column name="name" value="Белиз"/>
            <column name="id" value="2000"/>
        </insert>

        <insert tableName="guide">
            <column name="code" value="2018"/>
            <column name="name" value="Бельгия"/>
            <column name="id" value="2000"/>
        </insert>

        <insert tableName="guide">
            <column name="code" value="2019"/>
            <column name="name" value="Бенин"/>
            <column name="id" value="2000"/>
        </insert>

        <insert tableName="guide">
            <column name="code" value="2020"/>
            <column name="name" value="Болгария"/>
            <column name="id" value="2000"/>
        </insert>

        <insert tableName="guide">
            <column name="code" value="2021"/>
            <column name="name" value="Боливия"/>
            <column name="id" value="2000"/>
        </insert>

        <insert tableName="guide">
            <column name="code" value="2022"/>
            <column name="name" value="Босния и Герцеговина"/>
            <column name="id" value="2000"/>
        </insert>

        <insert tableName="guide">
            <column name="code" value="2023"/>
            <column name="name" value="Ботсвана"/>
            <column name="id" value="2000"/>
        </insert>

        <insert tableName="guide">
            <column name="code" value="2024"/>
            <column name="name" value="Бразилия"/>
            <column name="id" value="2000"/>
        </insert>

        <insert tableName="guide">
            <column name="code" value="2025"/>
            <column name="name" value="Бруней"/>
            <column name="id" value="2000"/>
        </insert>

        <insert tableName="guide">
            <column name="code" value="2026"/>
            <column name="name" value="Буркина-Фасо"/>
            <column name="id" value="2000"/>
        </insert>

        <insert tableName="guide">
            <column name="code" value="2027"/>
            <column name="name" value="Бурунди"/>
            <column name="id" value="2000"/>
        </insert>

        <insert tableName="guide">
            <column name="code" value="2028"/>
            <column name="name" value="Бутан"/>
            <column name="id" value="2000"/>
        </insert>

        <insert tableName="guide">
            <column name="code" value="2029"/>
            <column name="name" value="Вануату"/>
            <column name="id" value="2000"/>
        </insert>

        <insert tableName="guide">
            <column name="code" value="2030"/>
            <column name="name" value="Великобритания"/>
            <column name="id" value="2000"/>
        </insert>

        <insert tableName="guide">
            <column name="code" value="2031"/>
            <column name="name" value="Венгрия"/>
            <column name="id" value="2000"/>
        </insert>

        <insert tableName="guide">
            <column name="code" value="2032"/>
            <column name="name" value="Венесуэла"/>
            <column name="id" value="2000"/>
        </insert>

        <insert tableName="guide">
            <column name="code" value="2033"/>
            <column name="name" value="Восточный Тимор"/>
            <column name="id" value="2000"/>
        </insert>

        <insert tableName="guide">
            <column name="code" value="2034"/>
            <column name="name" value="Вьетнам"/>
            <column name="id" value="2000"/>
        </insert>

        <insert tableName="guide">
            <column name="code" value="2035"/>
            <column name="name" value="Габон"/>
            <column name="id" value="2000"/>
        </insert>

        <insert tableName="guide">
            <column name="code" value="2036"/>
            <column name="name" value="Гаити"/>
            <column name="id" value="2000"/>
        </insert>

        <insert tableName="guide">
            <column name="code" value="2037"/>
            <column name="name" value="Гайана"/>
            <column name="id" value="2000"/>
        </insert>

        <insert tableName="guide">
            <column name="code" value="2038"/>
            <column name="name" value="Гамбия"/>
            <column name="id" value="2000"/>
        </insert>

        <insert tableName="guide">
            <column name="code" value="2039"/>
            <column name="name" value="Гана"/>
            <column name="id" value="2000"/>
        </insert>

        <insert tableName="guide">
            <column name="code" value="2040"/>
            <column name="name" value="Гватемала"/>
            <column name="id" value="2000"/>
        </insert>

        <insert tableName="guide">
            <column name="code" value="2041"/>
            <column name="name" value="Гвинея"/>
            <column name="id" value="2000"/>
        </insert>

        <insert tableName="guide">
            <column name="code" value="2042"/>
            <column name="name" value="Гвинея-Бисау"/>
            <column name="id" value="2000"/>
        </insert>

        <insert tableName="guide">
            <column name="code" value="2043"/>
            <column name="name" value="Германия"/>
            <column name="id" value="2000"/>
        </insert>

        <insert tableName="guide">
            <column name="code" value="2044"/>
            <column name="name" value="Гондурас"/>
            <column name="id" value="2000"/>
        </insert>

        <insert tableName="guide">
            <column name="code" value="2045"/>
            <column name="name" value="Гренада"/>
            <column name="id" value="2000"/>
        </insert>

        <insert tableName="guide">
            <column name="code" value="2046"/>
            <column name="name" value="Греция"/>
            <column name="id" value="2000"/>
        </insert>

        <insert tableName="guide">
            <column name="code" value="2047"/>
            <column name="name" value="Грузия"/>
            <column name="id" value="2000"/>
        </insert>

        <insert tableName="guide">
            <column name="code" value="2048"/>
            <column name="name" value="Дания"/>
            <column name="id" value="2000"/>
        </insert>

        <insert tableName="guide">
            <column name="code" value="2049"/>
            <column name="name" value="Джибути"/>
            <column name="id" value="2000"/>
        </insert>

        <insert tableName="guide">
            <column name="code" value="2050"/>
            <column name="name" value="Доминика"/>
            <column name="id" value="2000"/>
        </insert>

        <insert tableName="guide">
            <column name="code" value="2051"/>
            <column name="name" value="Доминикана"/>
            <column name="id" value="2000"/>
        </insert>

        <insert tableName="guide">
            <column name="code" value="2052"/>
            <column name="name" value="Египет"/>
            <column name="id" value="2000"/>
        </insert>

        <insert tableName="guide">
            <column name="code" value="2053"/>
            <column name="name" value="Замбия"/>
            <column name="id" value="2000"/>
        </insert>

        <insert tableName="guide">
            <column name="code" value="2054"/>
            <column name="name" value="Зимбабве"/>
            <column name="id" value="2000"/>
        </insert>

        <insert tableName="guide">
            <column name="code" value="2055"/>
            <column name="name" value="Израиль"/>
            <column name="id" value="2000"/>
        </insert>

        <insert tableName="guide">
            <column name="code" value="2056"/>
            <column name="name" value="Индия"/>
            <column name="id" value="2000"/>
        </insert>

        <insert tableName="guide">
            <column name="code" value="2057"/>
            <column name="name" value="Индонезия"/>
            <column name="id" value="2000"/>
        </insert>

        <insert tableName="guide">
            <column name="code" value="2058"/>
            <column name="name" value="Иордания"/>
            <column name="id" value="2000"/>
        </insert>

        <insert tableName="guide">
            <column name="code" value="2059"/>
            <column name="name" value="Ирак"/>
            <column name="id" value="2000"/>
        </insert>

        <insert tableName="guide">
            <column name="code" value="2060"/>
            <column name="name" value="Иран"/>
            <column name="id" value="2000"/>
        </insert>

        <insert tableName="guide">
            <column name="code" value="2061"/>
            <column name="name" value="Ирландия"/>
            <column name="id" value="2000"/>
        </insert>

        <insert tableName="guide">
            <column name="code" value="2062"/>
            <column name="name" value="Исландия"/>
            <column name="id" value="2000"/>
        </insert>

        <insert tableName="guide">
            <column name="code" value="2063"/>
            <column name="name" value="Испания"/>
            <column name="id" value="2000"/>
        </insert>

        <insert tableName="guide">
            <column name="code" value="2064"/>
            <column name="name" value="Италия"/>
            <column name="id" value="2000"/>
        </insert>

        <insert tableName="guide">
            <column name="code" value="2065"/>
            <column name="name" value="Йемен"/>
            <column name="id" value="2000"/>
        </insert>

        <insert tableName="guide">
            <column name="code" value="2066"/>
            <column name="name" value="Кабо-Верде"/>
            <column name="id" value="2000"/>
        </insert>

        <insert tableName="guide">
            <column name="code" value="2067"/>
            <column name="name" value="Казахстан"/>
            <column name="id" value="2000"/>
        </insert>

        <insert tableName="guide">
            <column name="code" value="2068"/>
            <column name="name" value="Камбоджа"/>
            <column name="id" value="2000"/>
        </insert>

        <insert tableName="guide">
            <column name="code" value="2069"/>
            <column name="name" value="Камерун"/>
            <column name="id" value="2000"/>
        </insert>

        <insert tableName="guide">
            <column name="code" value="2070"/>
            <column name="name" value="Канада"/>
            <column name="id" value="2000"/>
        </insert>

        <insert tableName="guide">
            <column name="code" value="2071"/>
            <column name="name" value="Катар"/>
            <column name="id" value="2000"/>
        </insert>

        <insert tableName="guide">
            <column name="code" value="2072"/>
            <column name="name" value="Кения"/>
            <column name="id" value="2000"/>
        </insert>

        <insert tableName="guide">
            <column name="code" value="2073"/>
            <column name="name" value="Кипр"/>
            <column name="id" value="2000"/>
        </insert>

        <insert tableName="guide">
            <column name="code" value="2074"/>
            <column name="name" value="Киргизия"/>
            <column name="id" value="2000"/>
        </insert>

        <insert tableName="guide">
            <column name="code" value="2075"/>
            <column name="name" value="Кирибати"/>
            <column name="id" value="2000"/>
        </insert>

        <insert tableName="guide">
            <column name="code" value="2076"/>
            <column name="name" value="Китай"/>
            <column name="id" value="2000"/>
        </insert>

        <insert tableName="guide">
            <column name="code" value="2077"/>
            <column name="name" value="Колумбия"/>
            <column name="id" value="2000"/>
        </insert>

        <insert tableName="guide">
            <column name="code" value="2078"/>
            <column name="name" value="Коморы"/>
            <column name="id" value="2000"/>
        </insert>

        <insert tableName="guide">
            <column name="code" value="2079"/>
            <column name="name" value="Конго"/>
            <column name="id" value="2000"/>
        </insert>

        <insert tableName="guide">
            <column name="code" value="2080"/>
            <column name="name" value="ДР Конго"/>
            <column name="id" value="2000"/>
        </insert>

        <insert tableName="guide">
            <column name="code" value="2081"/>
            <column name="name" value="КНДР"/>
            <column name="id" value="2000"/>
        </insert>

        <insert tableName="guide">
            <column name="code" value="2082"/>
            <column name="name" value="Корея"/>
            <column name="id" value="2000"/>
        </insert>

        <insert tableName="guide">
            <column name="code" value="2083"/>
            <column name="name" value="Коста-Рика"/>
            <column name="id" value="2000"/>
        </insert>

        <insert tableName="guide">
            <column name="code" value="2084"/>
            <column name="name" value="Кот-д’Ивуар"/>
            <column name="id" value="2000"/>
        </insert>

        <insert tableName="guide">
            <column name="code" value="2085"/>
            <column name="name" value="Куба"/>
            <column name="id" value="2000"/>
        </insert>

        <insert tableName="guide">
            <column name="code" value="2086"/>
            <column name="name" value="Кувейт"/>
            <column name="id" value="2000"/>
        </insert>

        <insert tableName="guide">
            <column name="code" value="2087"/>
            <column name="name" value="Лаос"/>
            <column name="id" value="2000"/>
        </insert>

        <insert tableName="guide">
            <column name="code" value="2088"/>
            <column name="name" value="Латвия"/>
            <column name="id" value="2000"/>
        </insert>

        <insert tableName="guide">
            <column name="code" value="2089"/>
            <column name="name" value="Лесото"/>
            <column name="id" value="2000"/>
        </insert>

        <insert tableName="guide">
            <column name="code" value="2090"/>
            <column name="name" value="Либерия"/>
            <column name="id" value="2000"/>
        </insert>

        <insert tableName="guide">
            <column name="code" value="2091"/>
            <column name="name" value="Ливан"/>
            <column name="id" value="2000"/>
        </insert>

        <insert tableName="guide">
            <column name="code" value="2092"/>
            <column name="name" value="Ливия"/>
            <column name="id" value="2000"/>
        </insert>

        <insert tableName="guide">
            <column name="code" value="2093"/>
            <column name="name" value="Литва"/>
            <column name="id" value="2000"/>
        </insert>

        <insert tableName="guide">
            <column name="code" value="2094"/>
            <column name="name" value="Лихтенштейн"/>
            <column name="id" value="2000"/>
        </insert>

        <insert tableName="guide">
            <column name="code" value="2095"/>
            <column name="name" value="Люксембург"/>
            <column name="id" value="2000"/>
        </insert>

        <insert tableName="guide">
            <column name="code" value="2096"/>
            <column name="name" value="Маврикий"/>
            <column name="id" value="2000"/>
        </insert>

        <insert tableName="guide">
            <column name="code" value="2097"/>
            <column name="name" value="Мавритания"/>
            <column name="id" value="2000"/>
        </insert>

        <insert tableName="guide">
            <column name="code" value="2098"/>
            <column name="name" value="Мадагаскар"/>
            <column name="id" value="2000"/>
        </insert>

        <insert tableName="guide">
            <column name="code" value="2099"/>
            <column name="name" value="Малави"/>
            <column name="id" value="2000"/>
        </insert>

        <insert tableName="guide">
            <column name="code" value="2100"/>
            <column name="name" value="Малайзия"/>
            <column name="id" value="2000"/>
        </insert>

        <insert tableName="guide">
            <column name="code" value="2101"/>
            <column name="name" value="Мали"/>
            <column name="id" value="2000"/>
        </insert>

        <insert tableName="guide">
            <column name="code" value="2102"/>
            <column name="name" value="Мальдивы"/>
            <column name="id" value="2000"/>
        </insert>

        <insert tableName="guide">
            <column name="code" value="2103"/>
            <column name="name" value="Мальта"/>
            <column name="id" value="2000"/>
        </insert>

        <insert tableName="guide">
            <column name="code" value="2104"/>
            <column name="name" value="Марокко"/>
            <column name="id" value="2000"/>
        </insert>

        <insert tableName="guide">
            <column name="code" value="2105"/>
            <column name="name" value="Маршалловы Острова"/>
            <column name="id" value="2000"/>
        </insert>

        <insert tableName="guide">
            <column name="code" value="2106"/>
            <column name="name" value="Мексика"/>
            <column name="id" value="2000"/>
        </insert>

        <insert tableName="guide">
            <column name="code" value="2107"/>
            <column name="name" value="Мозамбик"/>
            <column name="id" value="2000"/>
        </insert>

        <insert tableName="guide">
            <column name="code" value="2108"/>
            <column name="name" value="Молдавия"/>
            <column name="id" value="2000"/>
        </insert>

        <insert tableName="guide">
            <column name="code" value="2109"/>
            <column name="name" value="Монако"/>
            <column name="id" value="2000"/>
        </insert>

        <insert tableName="guide">
            <column name="code" value="2110"/>
            <column name="name" value="Монголия"/>
            <column name="id" value="2000"/>
        </insert>

        <insert tableName="guide">
            <column name="code" value="2111"/>
            <column name="name" value="Мьянма"/>
            <column name="id" value="2000"/>
        </insert>

        <insert tableName="guide">
            <column name="code" value="2112"/>
            <column name="name" value="Намибия"/>
            <column name="id" value="2000"/>
        </insert>

        <insert tableName="guide">
            <column name="code" value="2113"/>
            <column name="name" value="Науру"/>
            <column name="id" value="2000"/>
        </insert>

        <insert tableName="guide">
            <column name="code" value="2114"/>
            <column name="name" value="Непал"/>
            <column name="id" value="2000"/>
        </insert>

        <insert tableName="guide">
            <column name="code" value="2115"/>
            <column name="name" value="Нигер"/>
            <column name="id" value="2000"/>
        </insert>

        <insert tableName="guide">
            <column name="code" value="2116"/>
            <column name="name" value="Нигерия"/>
            <column name="id" value="2000"/>
        </insert>

        <insert tableName="guide">
            <column name="code" value="2117"/>
            <column name="name" value="Нидерланды"/>
            <column name="id" value="2000"/>
        </insert>

        <insert tableName="guide">
            <column name="code" value="2118"/>
            <column name="name" value="Никарагуа"/>
            <column name="id" value="2000"/>
        </insert>

        <insert tableName="guide">
            <column name="code" value="2119"/>
            <column name="name" value="Новая Зеландия"/>
            <column name="id" value="2000"/>
        </insert>

        <insert tableName="guide">
            <column name="code" value="2120"/>
            <column name="name" value="Норвегия"/>
            <column name="id" value="2000"/>
        </insert>

        <insert tableName="guide">
            <column name="code" value="2121"/>
            <column name="name" value="ОАЭ"/>
            <column name="id" value="2000"/>
        </insert>

        <insert tableName="guide">
            <column name="code" value="2122"/>
            <column name="name" value="Оман"/>
            <column name="id" value="2000"/>
        </insert>

        <insert tableName="guide">
            <column name="code" value="2123"/>
            <column name="name" value="Пакистан"/>
            <column name="id" value="2000"/>
        </insert>

        <insert tableName="guide">
            <column name="code" value="2124"/>
            <column name="name" value="Палау"/>
            <column name="id" value="2000"/>
        </insert>

        <insert tableName="guide">
            <column name="code" value="2125"/>
            <column name="name" value="Панама"/>
            <column name="id" value="2000"/>
        </insert>

        <insert tableName="guide">
            <column name="code" value="2126"/>
            <column name="name" value="Папуа — Новая Гвинея"/>
            <column name="id" value="2000"/>
        </insert>

        <insert tableName="guide">
            <column name="code" value="2127"/>
            <column name="name" value="Парагвай"/>
            <column name="id" value="2000"/>
        </insert>

        <insert tableName="guide">
            <column name="code" value="2128"/>
            <column name="name" value="Перу"/>
            <column name="id" value="2000"/>
        </insert>

        <insert tableName="guide">
            <column name="code" value="2129"/>
            <column name="name" value="Польша"/>
            <column name="id" value="2000"/>
        </insert>

        <insert tableName="guide">
            <column name="code" value="2130"/>
            <column name="name" value="Португалия"/>
            <column name="id" value="2000"/>
        </insert>

        <insert tableName="guide">
            <column name="code" value="2131"/>
            <column name="name" value="Россия"/>
            <column name="id" value="2000"/>
        </insert>

        <insert tableName="guide">
            <column name="code" value="2132"/>
            <column name="name" value="Руанда"/>
            <column name="id" value="2000"/>
        </insert>

        <insert tableName="guide">
            <column name="code" value="2133"/>
            <column name="name" value="Румыния"/>
            <column name="id" value="2000"/>
        </insert>

        <insert tableName="guide">
            <column name="code" value="2134"/>
            <column name="name" value="Сальвадор"/>
            <column name="id" value="2000"/>
        </insert>

        <insert tableName="guide">
            <column name="code" value="2135"/>
            <column name="name" value="Самоа"/>
            <column name="id" value="2000"/>
        </insert>

        <insert tableName="guide">
            <column name="code" value="2136"/>
            <column name="name" value="Сан-Марино"/>
            <column name="id" value="2000"/>
        </insert>

        <insert tableName="guide">
            <column name="code" value="2137"/>
            <column name="name" value="Сан-Томе и Принсипи"/>
            <column name="id" value="2000"/>
        </insert>

        <insert tableName="guide">
            <column name="code" value="2138"/>
            <column name="name" value="Саудовская Аравия"/>
            <column name="id" value="2000"/>
        </insert>

        <insert tableName="guide">
            <column name="code" value="2139"/>
            <column name="name" value="Северная Македония"/>
            <column name="id" value="2000"/>
        </insert>

        <insert tableName="guide">
            <column name="code" value="2140"/>
            <column name="name" value="Сейшелы"/>
            <column name="id" value="2000"/>
        </insert>

        <insert tableName="guide">
            <column name="code" value="2141"/>
            <column name="name" value="Сенегал"/>
            <column name="id" value="2000"/>
        </insert>

        <insert tableName="guide">
            <column name="code" value="2142"/>
            <column name="name" value="Сент-Винсент и Гренадины"/>
            <column name="id" value="2000"/>
        </insert>

        <insert tableName="guide">
            <column name="code" value="2143"/>
            <column name="name" value="Сент-Китс и Невис"/>
            <column name="id" value="2000"/>
        </insert>

        <insert tableName="guide">
            <column name="code" value="2144"/>
            <column name="name" value="Сент-Люсия"/>
            <column name="id" value="2000"/>
        </insert>

        <insert tableName="guide">
            <column name="code" value="2145"/>
            <column name="name" value="Сербия"/>
            <column name="id" value="2000"/>
        </insert>

        <insert tableName="guide">
            <column name="code" value="2146"/>
            <column name="name" value="Сингапур"/>
            <column name="id" value="2000"/>
        </insert>

        <insert tableName="guide">
            <column name="code" value="2147"/>
            <column name="name" value="Сирия"/>
            <column name="id" value="2000"/>
        </insert>

        <insert tableName="guide">
            <column name="code" value="2148"/>
            <column name="name" value="Словакия"/>
            <column name="id" value="2000"/>
        </insert>

        <insert tableName="guide">
            <column name="code" value="2149"/>
            <column name="name" value="Словения"/>
            <column name="id" value="2000"/>
        </insert>

        <insert tableName="guide">
            <column name="code" value="2150"/>
            <column name="name" value="США"/>
            <column name="id" value="2000"/>
        </insert>

        <insert tableName="guide">
            <column name="code" value="2151"/>
            <column name="name" value="Соломоновы Острова"/>
            <column name="id" value="2000"/>
        </insert>

        <insert tableName="guide">
            <column name="code" value="2152"/>
            <column name="name" value="Сомали"/>
            <column name="id" value="2000"/>
        </insert>

        <insert tableName="guide">
            <column name="code" value="2153"/>
            <column name="name" value="Судан"/>
            <column name="id" value="2000"/>
        </insert>

        <insert tableName="guide">
            <column name="code" value="2154"/>
            <column name="name" value="Суринам"/>
            <column name="id" value="2000"/>
        </insert>

        <insert tableName="guide">
            <column name="code" value="2155"/>
            <column name="name" value="Сьерра-Леоне"/>
            <column name="id" value="2000"/>
        </insert>

        <insert tableName="guide">
            <column name="code" value="2156"/>
            <column name="name" value="Таджикистан"/>
            <column name="id" value="2000"/>
        </insert>

        <insert tableName="guide">
            <column name="code" value="2157"/>
            <column name="name" value="Таиланд"/>
            <column name="id" value="2000"/>
        </insert>

        <insert tableName="guide">
            <column name="code" value="2158"/>
            <column name="name" value="Танзания"/>
            <column name="id" value="2000"/>
        </insert>

        <insert tableName="guide">
            <column name="code" value="2159"/>
            <column name="name" value="Того"/>
            <column name="id" value="2000"/>
        </insert>

        <insert tableName="guide">
            <column name="code" value="2160"/>
            <column name="name" value="Тонга"/>
            <column name="id" value="2000"/>
        </insert>

        <insert tableName="guide">
            <column name="code" value="2161"/>
            <column name="name" value="Тринидад и Тобаго"/>
            <column name="id" value="2000"/>
        </insert>

        <insert tableName="guide">
            <column name="code" value="2162"/>
            <column name="name" value="Тувалу"/>
            <column name="id" value="2000"/>
        </insert>

        <insert tableName="guide">
            <column name="code" value="2163"/>
            <column name="name" value="Тунис"/>
            <column name="id" value="2000"/>
        </insert>

        <insert tableName="guide">
            <column name="code" value="2164"/>
            <column name="name" value="Туркмения"/>
            <column name="id" value="2000"/>
        </insert>

        <insert tableName="guide">
            <column name="code" value="2165"/>
            <column name="name" value="Турция"/>
            <column name="id" value="2000"/>
        </insert>

        <insert tableName="guide">
            <column name="code" value="2166"/>
            <column name="name" value="Уганда"/>
            <column name="id" value="2000"/>
        </insert>

        <insert tableName="guide">
            <column name="code" value="2167"/>
            <column name="name" value="Узбекистан"/>
            <column name="id" value="2000"/>
        </insert>

        <insert tableName="guide">
            <column name="code" value="2168"/>
            <column name="name" value="Украина"/>
            <column name="id" value="2000"/>
        </insert>

        <insert tableName="guide">
            <column name="code" value="2169"/>
            <column name="name" value="Уругвай"/>
            <column name="id" value="2000"/>
        </insert>

        <insert tableName="guide">
            <column name="code" value="2170"/>
            <column name="name" value="Микронезия"/>
            <column name="id" value="2000"/>
        </insert>

        <insert tableName="guide">
            <column name="code" value="2171"/>
            <column name="name" value="Фиджи"/>
            <column name="id" value="2000"/>
        </insert>

        <insert tableName="guide">
            <column name="code" value="2172"/>
            <column name="name" value="Филиппины"/>
            <column name="id" value="2000"/>
        </insert>

        <insert tableName="guide">
            <column name="code" value="2173"/>
            <column name="name" value="Финляндия"/>
            <column name="id" value="2000"/>
        </insert>

        <insert tableName="guide">
            <column name="code" value="2174"/>
            <column name="name" value="Франция"/>
            <column name="id" value="2000"/>
        </insert>

        <insert tableName="guide">
            <column name="code" value="2175"/>
            <column name="name" value="Хорватия"/>
            <column name="id" value="2000"/>
        </insert>

        <insert tableName="guide">
            <column name="code" value="2176"/>
            <column name="name" value="ЦАР"/>
            <column name="id" value="2000"/>
        </insert>

        <insert tableName="guide">
            <column name="code" value="2177"/>
            <column name="name" value="Чад"/>
            <column name="id" value="2000"/>
        </insert>

        <insert tableName="guide">
            <column name="code" value="2178"/>
            <column name="name" value="Черногория"/>
            <column name="id" value="2000"/>
        </insert>

        <insert tableName="guide">
            <column name="code" value="2179"/>
            <column name="name" value="Чехия"/>
            <column name="id" value="2000"/>
        </insert>

        <insert tableName="guide">
            <column name="code" value="2180"/>
            <column name="name" value="Чили"/>
            <column name="id" value="2000"/>
        </insert>

        <insert tableName="guide">
            <column name="code" value="2181"/>
            <column name="name" value="Швейцария"/>
            <column name="id" value="2000"/>
        </insert>

        <insert tableName="guide">
            <column name="code" value="2182"/>
            <column name="name" value="Швеция"/>
            <column name="id" value="2000"/>
        </insert>

        <insert tableName="guide">
            <column name="code" value="2183"/>
            <column name="name" value="Шри-Ланка"/>
            <column name="id" value="2000"/>
        </insert>

        <insert tableName="guide">
            <column name="code" value="2184"/>
            <column name="name" value="Эквадор"/>
            <column name="id" value="2000"/>
        </insert>

        <insert tableName="guide">
            <column name="code" value="2185"/>
            <column name="name" value="Экваториальная Гвинея"/>
            <column name="id" value="2000"/>
        </insert>

        <insert tableName="guide">
            <column name="code" value="2186"/>
            <column name="name" value="Эритрея"/>
            <column name="id" value="2000"/>
        </insert>

        <insert tableName="guide">
            <column name="code" value="2187"/>
            <column name="name" value="Эсватини"/>
            <column name="id" value="2000"/>
        </insert>

        <insert tableName="guide">
            <column name="code" value="2188"/>
            <column name="name" value="Эстония"/>
            <column name="id" value="2000"/>
        </insert>

        <insert tableName="guide">
            <column name="code" value="2189"/>
            <column name="name" value="Эфиопия"/>
            <column name="id" value="2000"/>
        </insert>

        <insert tableName="guide">
            <column name="code" value="2190"/>
            <column name="name" value="ЮАР"/>
            <column name="id" value="2000"/>
        </insert>

        <insert tableName="guide">
            <column name="code" value="2191"/>
            <column name="name" value="Южный Судан"/>
            <column name="id" value="2000"/>
        </insert>

        <insert tableName="guide">
            <column name="code" value="2192"/>
            <column name="name" value="Ямайка"/>
            <column name="id" value="2000"/>
        </insert>

        <insert tableName="guide">
            <column name="code" value="2193"/>
            <column name="name" value="Япония"/>
            <column name="id" value="2000"/>
        </insert>

    </changeSet>

</databaseChangeLog>