<?xml version="1.0" encoding="UTF-8"?>
<databaseChangeLog logicalFilePath="changeLog.xml" xmlns="http://www.liquibase.org/xml/ns/dbchangelog"
                   xmlns:xsi="http://www.w3.org/2001/XMLSchema-instance"
                   xsi:schemaLocation="http://www.liquibase.org/xml/ns/dbchangelog http://www.liquibase.org/xml/ns/dbchangelog/dbchangelog-3.4.xsd">
    <changeSet author="Mirov AA" id="insert_vas_category">

        <insert tableName="guide">
            <column name="code" value="10001"/>
            <column name="name" value="Облачные решения"/>
            <column name="id" value="10000"/>
        </insert>
        <insert tableName="guide">
            <column name="code" value="10002"/>
            <column name="name" value="Для работы команды"/>
            <column name="id" value="10000"/>
        </insert>
        <insert tableName="guide">
            <column name="code" value="10003"/>
            <column name="name" value="	Юридические/бухгалтерские сервисы"/>
            <column name="id" value="10000"/>
        </insert>
        <insert tableName="guide">
            <column name="code" value="10004"/>
            <column name="name" value="Операционная деятельность"/>
            <column name="id" value="10000"/>
        </insert>
        <insert tableName="guide">
            <column name="code" value="10005"/>
            <column name="name" value="Маркетинг"/>
            <column name="id" value="10000"/>
        </insert>
        <insert tableName="guide">
            <column name="code" value="10006"/>
            <column name="name" value="Развитие продукта"/>
            <column name="id" value="10000"/>
        </insert>
        <insert tableName="guide">
            <column name="code" value="10007"/>
            <column name="name" value="Продажи"/>
            <column name="id" value="10000"/>
        </insert>
        <insert tableName="guide">
            <column name="code" value="10008"/>
            <column name="name" value="Рабочие места"/>
            <column name="id" value="10000"/>
        </insert>

    </changeSet>

</databaseChangeLog>