<?xml version="1.0" encoding="UTF-8"?>
<databaseChangeLog logicalFilePath="changeLog.xml" xmlns="http://www.liquibase.org/xml/ns/dbchangelog"
                   xmlns:xsi="http://www.w3.org/2001/XMLSchema-instance"
                   xsi:schemaLocation="http://www.liquibase.org/xml/ns/dbchangelog http://www.liquibase.org/xml/ns/dbchangelog/dbchangelog-3.4.xsd">

    <changeSet author="Mirov AA" id="create_tables">
        <createTable tableName="guide">
            <column name="entityid" type="bigint" autoIncrement="true">
                <constraints nullable="false" primaryKey="true" primaryKeyName="guide_pkey"/>
            </column>
            <column name="id" type="bigint">
                <constraints nullable="false"/>
            </column>
            <column name="name" type="varchar(50)">
                <constraints nullable="false"/>
            </column>
            <column name="sysname" type="varchar(50)">
                <constraints nullable="true"/>
            </column>
            <column name="extra" type="varchar(50)">
                <constraints nullable="true"/>
            </column>
            <column name="icon" type="varchar(150)">
                <constraints nullable="true"/>
            </column>
            <column name="logofile" type="varchar(150)">
                <constraints nullable="true"/>
            </column>
            <column name="code" type="bigint">
                <constraints nullable="false"/>
            </column>
            <column name="isdisabled" type="boolean" defaultValue="false">
                <constraints nullable="true"/>
            </column>
        </createTable>

        <createTable tableName="guide_object">
            <column name="guideid" type="bigint">
                <constraints nullable="false" primaryKey="true" primaryKeyName="guide_object_pkey"/>
            </column>
            <column name="objectname" type="varchar(150)">
                <constraints nullable="false"/>
            </column>
            <column name="attributename" type="varchar(150)">
                <constraints nullable="true"/>
            </column>
        </createTable>
    </changeSet>

</databaseChangeLog>