<?xml version="1.0" encoding="UTF-8"?>
<databaseChangeLog logicalFilePath="changeLog.xml" xmlns="http://www.liquibase.org/xml/ns/dbchangelog"
                   xmlns:xsi="http://www.w3.org/2001/XMLSchema-instance"
                   xsi:schemaLocation="http://www.liquibase.org/xml/ns/dbchangelog http://www.liquibase.org/xml/ns/dbchangelog/dbchangelog-3.4.xsd">
    <changeSet author="Mirov AA" id="insert_guide_object">
        <!--Model Бизнес-модель-->
        <insert tableName="guide_object">
            <column name="objectname" value="Model"/>
            <column name="attributename" value="Бизнес-модель"/>
            <column name="guideid" value="1000"/>
        </insert>

        <!--Geography География-->
        <insert tableName="guide_object">
            <column name="objectname" value="Geography"/>
            <column name="attributename" value="География"/>
            <column name="guideid" value="2000"/>
        </insert>

        <!--Industry Индустрия-->
        <insert tableName="guide_object">
            <column name="objectname" value="Industry"/>
            <column name="attributename" value="Индустрия"/>
            <column name="guideid" value="3000"/>
        </insert>

        <!--VasCategory Категория VAS-->
        <insert tableName="guide_object">
            <column name="objectname" value="VasCategory"/>
            <column name="attributename" value="Категория VAS"/>
            <column name="guideid" value="10000"/>
        </insert>

        <!--WorkMethod Метод работы-->
        <insert tableName="guide_object">
            <column name="objectname" value="WorkMethod"/>
            <column name="attributename" value="Метод работы"/>
            <column name="guideid" value="4000"/>
        </insert>

        <!--SalesValue Объем продаж-->
        <insert tableName="guide_object">
            <column name="objectname" value="SalesValue"/>
            <column name="attributename" value="Объем продаж"/>
            <column name="guideid" value="5000"/>
        </insert>

        <!--Round Раунд инвестиций-->
        <insert tableName="guide_object">
            <column name="objectname" value="Round"/>
            <column name="attributename" value="Раунд инвестиций"/>
            <column name="guideid" value="6000"/>
        </insert>

        <!--Stady Стадии стартапов-->
        <insert tableName="guide_object">
            <column name="objectname" value="Stady"/>
            <column name="attributename" value="Стадии стартапов"/>
            <column name="guideid" value="7000"/>
        </insert>

        <!--InteractionType Тип взаимодействия-->
        <insert tableName="guide_object">
            <column name="objectname" value="InteractionType"/>
            <column name="attributename" value="Тип взаимодействия"/>
            <column name="guideid" value="8000"/>
        </insert>

        <!--Staff-->
        <insert tableName="guide_object">
            <column name="objectname" value="Staff"/>
            <column name="attributename" value="Количество сотрудников"/>
            <column name="guideid" value="9000"/>
        </insert>

        <!--InvestorType Тип инвестора-->
        <insert tableName="guide_object">
            <column name="objectname" value="InvestorType"/>
            <column name="attributename" value="Тип инвестора"/>
            <column name="guideid" value="11000"/>
        </insert>

        <!--InteractionState Статус взаимодействия-->
        <insert tableName="guide_object">
            <column name="objectname" value="InteractionState"/>
            <column name="attributename" value="Статус взаимодействия"/>
            <column name="guideid" value="12000"/>
        </insert>

        <!--InteractionState Статус взаимодействия-->
        <insert tableName="guide_object">
            <column name="objectname" value="Techonology"/>
            <column name="attributename" value="Технологии"/>
            <column name="guideid" value="13000"/>
        </insert>


        <insert tableName="guide_object">
            <column name="objectname" value="Target"/>
            <column name="attributename" value="Цель"/>
            <column name="guideid" value="15000"/>
        </insert>

        <insert tableName="guide_object">
            <column name="objectname" value="Effect"/>
            <column name="attributename" value="Возможно ли измерять экономический эффект решения проблемы?"/>
            <column name="guideid" value="17000"/>
        </insert>

        <insert tableName="guide_object">
            <column name="objectname" value="Resources"/>
            <column name="attributename" value="Есть ли свободные ресурсы для проведения пилота до конца текущего года?"/>
            <column name="guideid" value="18000"/>
        </insert>

        <insert tableName="guide_object">
            <column name="objectname" value="Problem"/>
            <column name="attributename" value="Пытались ли вы самостоятельно решить проблему?"/>
            <column name="guideid" value="16000"/>
        </insert>

        <insert tableName="guide_object">
            <column name="objectname" value="State"/>
            <column name="attributename" value="Статус"/>
            <column name="guideid" value="20000"/>
        </insert>

        <insert tableName="guide_object">
            <column name="objectname" value="UserType"/>
            <column name="attributename" value="Участники"/>
            <column name="guideid" value="1"/>
        </insert>

    </changeSet>

</databaseChangeLog>