<?xml version="1.0" encoding="UTF-8"?>
<databaseChangeLog logicalFilePath="changeLog.xml" xmlns="http://www.liquibase.org/xml/ns/dbchangelog"
                   xmlns:xsi="http://www.w3.org/2001/XMLSchema-instance"
                   xsi:schemaLocation="http://www.liquibase.org/xml/ns/dbchangelog http://www.liquibase.org/xml/ns/dbchangelog/dbchangelog-3.4.xsd">
    <changeSet author="Mirov AA" id="insert_interactionstate">

        <insert tableName="guide">
            <column name="code" value="12001"/>
            <column name="name" value="Переговоры о сотрудничестве"/>
            <column name="id" value="12000"/>
        </insert>
        <insert tableName="guide">
            <column name="code" value="12002"/>
            <column name="name" value="Пилотирование"/>
            <column name="id" value="12000"/>
        </insert>
        <insert tableName="guide">
            <column name="code" value="12003"/>
            <column name="name" value="Пилот успешен"/>
            <column name="id" value="12000"/>
        </insert>
        <insert tableName="guide">
            <column name="code" value="12004"/>
            <column name="name" value="Пилот неуспешен"/>
            <column name="id" value="12000"/>
        </insert>
        <insert tableName="guide">
            <column name="code" value="12005"/>
            <column name="name" value="Подписание контракта"/>
            <column name="id" value="12000"/>
        </insert>
        <insert tableName="guide">
            <column name="code" value="12006"/>
            <column name="name" value="Контракт"/>
            <column name="id" value="12000"/>
        </insert>
        <insert tableName="guide">
            <column name="code" value="12007"/>
            <column name="name" value="Другое"/>
            <column name="id" value="12000"/>
        </insert>
        <insert tableName="guide">
            <column name="code" value="12008"/>
            <column name="name" value="Работы завершены"/>
            <column name="id" value="12000"/>
        </insert>

    </changeSet>

</databaseChangeLog>