<?xml version="1.0" encoding="UTF-8"?>
<databaseChangeLog logicalFilePath="changeLog.xml" xmlns="http://www.liquibase.org/xml/ns/dbchangelog"
                   xmlns:xsi="http://www.w3.org/2001/XMLSchema-instance"
                   xsi:schemaLocation="http://www.liquibase.org/xml/ns/dbchangelog http://www.liquibase.org/xml/ns/dbchangelog/dbchangelog-3.4.xsd">    <changeSet author="Timoshkin Mikhail" id="create_table_01">
        <createTable tableName="audit">
            <column name="id" type="bigint" autoIncrement="true">
                <constraints nullable="false" primaryKey="true" primaryKeyName="auditid_pkey"/>
            </column>
            <column name="object" type="varchar(50)">
                <constraints nullable="true"/>
            </column>
            <column name="userid" type="bigint">
                <constraints nullable="true"/>
            </column>
            <column name="username" type="varchar(100)">
                <constraints nullable="true"/>
            </column>
            <column name="action" type="varchar(50)">
                <constraints nullable="true"/>
            </column>
            <column name="status" type="varchar(20)">
                <constraints nullable="true"/>
            </column>
            <column name="date" type="timestamp">
                <constraints nullable="true"/>
            </column>
            <column name="archive" type="boolean" defaultValue="false">
                <constraints nullable="true"/>
            </column>
            <column name="service" type="varchar(200)">
                <constraints nullable="true"/>
            </column>
            <column name="request" type="text">
                <constraints nullable="true"/>
            </column>
            <column name="ip" type="varchar(50)">
                <constraints nullable="true"/>
            </column>
        </createTable>

        <createIndex tableName="audit" indexName="x1_audit">
            <column name="userid"/>
        </createIndex>

        <createIndex tableName="audit" indexName="x2_audit">
            <column name="date"/>
        </createIndex>
    </changeSet>

</databaseChangeLog>