<?xml version="1.0" encoding="UTF-8"?>
<databaseChangeLog xmlns:xsi="http://www.w3.org/2001/XMLSchema-instance" logicalFilePath="changeLog.xml"
                   xmlns="http://www.liquibase.org/xml/ns/dbchangelog"
                   xsi:schemaLocation="http://www.liquibase.org/xml/ns/dbchangelog http://www.liquibase.org/xml/ns/dbchangelog/dbchangelog-3.4.xsd">

    <include file="sets/db_changelog_create_table_0_0_1.sql"/>
    <include file="sets/db_changelog_insert_dict_0_0_2.sql"/>
    <include file="sets/db_changelog_update_dict_0_0_3.sql"/>
    <include file="sets/db_changelog_insert_dict_statistics_0_0_4.sql"/>
    <include file="sets/db_changelog_insert_dict_sber500_0_0_5.sql"/>
    <include file="sets/db_changelog_insert_dict_syndicates_0_0_6.sql"/>
    <include file="sets/db_changelog_insert_dict_pilots_0_0_7.sql"/>
    <include file="sets/db_changelog_insert_dict_audit_0_0_8.sql"/>
    <include file="sets/db_changelog_insert_dict_csi_0_0_9.sql"/>

    <include file="sets/db_changelog_STARTUPHUB-5378.sql"/>

</databaseChangeLog>
