<?xml version="1.0" encoding="UTF-8"?>
<databaseChangeLog logicalFilePath="changeLog.xml" xmlns="http://www.liquibase.org/xml/ns/dbchangelog"
                   xmlns:xsi="http://www.w3.org/2001/XMLSchema-instance"
                   xsi:schemaLocation="http://www.liquibase.org/xml/ns/dbchangelog http://www.liquibase.org/xml/ns/dbchangelog/dbchangelog-3.4.xsd">

    <include file="sets/db_changelog_0.0.1.xml"></include>
    <include file="sets/db_changelog_0.0.2.xml"></include>
    <include file="sets/db_changelog_0.0.3.xml"></include>
    <include file="sets/db_changelog_STARTUPHUB-1101.sql"></include>
    <include file="sets/db_changelog_STARTUPHUB-1193.sql"></include>
    <include file="sets/db_changelog_new_auth.sql"></include>
    <include file="sets/db_changelog_new_auth_expiry.sql"></include>
    <include file="sets/db_changelog_SBERXTECH-277.sql"></include>

    <include file="sets/db_changelog_user_role.sql"></include>

    <include file="sets/db_changelog_STARTUPHUB-1845.sql"></include>

    <include file="sets/db_changelog_STARTUPHUB-2093.sql"></include>
    <include file="sets/db_changelog_STARTUPHUB-2187.sql"></include>

    <include file="sets/db_changelog_STARTUPHUB-2582.sql"></include>

    <include file="sets/db_changelog_alter_delete_info.sql"></include>

    <include file="sets/db_changelog_STARTUPHUB-2766.sql"></include>

    <include file="sets/db_changelog_STARTUPHUB-2395.sql"></include>

    <include file="sets/db_changelog_STARTUPHUB-2875.sql"></include>
    <include file="sets/db_changelog_STARTUPHUB-3412.sql"></include>

    <include file="sets/db_changelog_STARTUPHUB-3344.sql"></include>

    <include file="sets/db_changelog_STARTUPHUB-3404.sql"></include>

    <include file="sets/db_changelog_consent.sql"></include>
    <include file="sets/db_changelog_STARTUPHUB-3546.sql"></include>
    <include file="sets/db_changelog_STARTUPHUB-3635.sql"></include>

    <include file="sets/db_changelog_STARTUPHUB-3652.sql"></include>
    <include file="sets/db_changelog_syndicate_user.sql"></include>

    <include file="sets/db_changelog_STARTUPHUB-3806.sql"></include>

    <include file="sets/db_changelog_STARTUPHUB-3217.sql"></include>
    <include file="sets/db_changelog_STARTUPHUB-3652_2.sql"></include>
    <include file="sets/db_changelog_STARTUPHUB-4030.sql"></include>

    <include file="sets/db_changelog_STARTUPHUB-3968.sql"></include>
    <include file="sets/db_changelog_STARTUPHUB-3968_2.sql"></include>
    <include file="sets/db_changelog_STARTUPHUB-3968_3.sql"></include>
    <include file="sets/db_changelog_STARTUPHUB-3968_4.sql"></include>
    <include file="sets/db_changelog_STARTUPHUB-3968_5.sql"></include>

    <include file="sets/db_changelog_STARTUPHUB-4231.sql"></include>
    <include file="sets/db_changelog_STARTUPHUB-4231_2.sql"></include>
    <include file="sets/db_changelog_STARTUPHUB-4231_3.sql"></include>
    <include file="sets/db_changelog_STARTUPHUB-4231_4.sql"></include>
    <include file="sets/db_changelog_STARTUPHUB-4231_5.sql"></include>
    <include file="sets/db_changelog_STARTUPHUB-4231_6.sql"></include>
    <include file="sets/db_changelog_STARTUPHUB-4231_7.sql"></include>
    <include file="sets/db_changelog_STARTUPHUB-4231_8.sql"></include>

    <include file="sets/db_changelog_STARTUPHUB-4293.sql"></include>
    <include file="sets/db_changelog_STARTUPHUB-4289.sql"></include>

    <include file="sets/db_changelog_STARTUPHUB-4336.sql"></include>
    <include file="sets/db_changelog_STARTUPHUB-4336_2.sql"></include>


    <include file="sets/db_changelog_STARTUPHUB-3968_6.sql"></include>
    <include file="sets/db_changelog_STARTUPHUB-4380.sql"></include>
    <include file="sets/db_changelog_STARTUPHUB-4365.sql"></include>

    <include file="sets/db_changelog_STARTUPHUB-3968_7.sql"></include>
    <include file="sets/db_changelog_STARTUPHUB-4422.sql"></include>
    <include file="sets/db_changelog_STARTUPHUB-4423_1.sql"></include>

    <include file="sets/db_changelog_scouting.sql"></include>
    <include file="sets/db_changelog_STARTUPHUB-4336_3.sql"></include>

    <include file="sets/db_changelog_STARTUPHUB-4423_2.sql"></include>

    <include file="sets/db_changelog_STARTUPHUB-4531.sql"></include>

    <include file="sets/db_changelog_STARTUPHUB-4481.sql"></include>
    <include file="sets/db_changelog_STARTUPHUB-4481_2.sql"></include>
    <include file="sets/db_changelog_STARTUPHUB-4231_9.sql"></include>
    <include file="sets/db_changelog_STARTUPHUB-4581.sql"></include>

    <include file="sets/db_changelog_STARTUPHUB-3968_8.sql"></include>
    <include file="sets/db_changelog_STARTUPHUB-4568.sql"></include>
    <include file="sets/db_changelog_STARTUPHUB-4568_2.sql"></include>

    <include file="sets/db_changelog_STARTUPHUB-4730.sql"></include>

    <include file="sets/db_changelog_STARTUPHUB-4740.sql"></include>

    <include file="sets/db_changelog_STARTUPHUB-4751.sql"></include>

    <include file="sets/db_changelog_STARTUPHUB-4918.sql"></include>
    <include file="sets/db_changelog_STARTUPHUB-4953.sql"></include>

    <include file="sets/db_changelog_STARTUPHUB-5024.sql"></include>
    <include file="sets/db_changelog_NT_Tuning.sql"></include>

    <include file="sets/db_changelog_STARTUPHUB-4610.sql"></include>
    <include file="sets/db_changelog_STARTUPHUB-4696.sql"></include>

    <include file="sets/db_changelog_STARTUPHUB-4884.sql"></include>

    <include file="sets/db_changelog_STARTUPHUB-5104.sql"></include>
    <include file="sets/db_changelog_STARTUPHUB-5148.sql"></include>
    <include file="sets/db_changelog_STARTUPHUB-5148_2.sql"></include>
    <include file="sets/db_changelog_tariff.sql"></include>

    <include file="sets/db_changelog_STARTUPHUB-5379.sql"></include>

    <include file="sets/db_changelog_role_classify_new_roles.sql"></include>
    <include file="sets/db_changelog_role_access_link_new_roles.sql"></include>

</databaseChangeLog>
