<?xml version="1.0" encoding="UTF-8"?>
<databaseChangeLog logicalFilePath="changeLog.xml" xmlns="http://www.liquibase.org/xml/ns/dbchangelog"
                   xmlns:xsi="http://www.w3.org/2001/XMLSchema-instance"
                   xsi:schemaLocation="http://www.liquibase.org/xml/ns/dbchangelog http://www.liquibase.org/xml/ns/dbchangelog/dbchangelog-3.4.xsd">

    <include file="sets/db_changelog_0.0.1.xml"></include>
    <include file="sets/db_changelog_0.0.3.xml"></include>
    <include file="sets/db_changelog_0.0.4.xml"></include>
    <include file="sets/db_changelog_0.0.5.xml"></include>
    <include file="sets/db_changelog_0.0.6.xml"></include>
    <include file="sets/db_changelog_0.0.7.xml"></include>
    <include file="sets/db_changelog_0.0.8.xml"></include>
    <include file="sets/db_changelog_0.0.9.xml"></include>
    <include file="sets/db_changelog_0.1.0.xml"></include>
    <include file="sets/db_changelog_0.1.1.xml"></include>
    <include file="sets/db_changelog_0.1.2.xml"></include>
    <include file="sets/db_changelog_0.1.3.xml"></include>
    <include file="sets/db_changelog_0.1.4.xml"></include>
    <include file="sets/db_changelog_0.1.5.xml"></include>
    <include file="sets/db_changelog_0.1.6.xml"></include>
    <include file="sets/db_changelog_0.1.7.xml"></include>
    <include file="sets/db_changelog_STARTUPHUB-910.sql"></include>
    <include file="sets/db_changelog_STARTUPHUB-1072.sql"></include>
    <include file="sets/db_changelog_SBERXTECH-21.sql"></include>

    <include file="sets/db_changelog_SBERXTECH-79.sql"></include>
    <include file="sets/db_changelog_SBERXTECH-134.sql"></include>
    <include file="sets/db_changelog_SBERXTECH-217_2.sql"></include>
    <include file="sets/db_changelog_SBERXTECH-228.sql"></include>

    <include file="sets/db_changelog_SBERXTECH-227.sql"></include>

    <include file="sets/db_changelog_SBERXTECH-225.sql"></include>
    <include file="sets/db_changelog_SBERXTECH-224.sql"></include>

    <include file="sets/db_changelog_lending.sql"></include>

    <include file="sets/db_changelog_SBERXTECH-252.sql"></include>

    <include file="sets/db_changelog_SBERXTECH-297.sql"></include>

    <include file="sets/db_changelog_short.sql"></include>
    <include file="sets/db_changelog_STARTUPHUB-1493.sql"></include>

    <include file="sets/db_changelog_STARTUPHUB-1658.sql"></include>

    <include file="sets/db_changelog_STARTUPHUB-1659.sql"></include>
    <include file="sets/db_changelog_STARTUPHUB-1658_2.sql"></include>
    <include file="sets/db_changelog_STARTUPHUB-1784.sql"></include>

    <include file="sets/db_changelog_STARTUPHUB-1902.sql"></include>

    <include file="sets/db_changelog_STARTUPHUB-1850.sql"></include>
    <include file="sets/db_changelog_STARTUPHUB-1953.sql"></include>

    <include file="sets/db_changelog_STARTUPHUB-2055.sql"></include>

    <include file="sets/db_changelog_STARTUPHUB-2184.sql"></include>

    <include file="sets/db_changelog_STARTUPHUB-2187.sql"></include>
    <include file="sets/db_changelog_STARTUPHUB-2187_2.sql"></include>

    <include file="sets/db_changelog_STARTUPHUB-2183.sql"></include>

    <include file="sets/db_changelog_STARTUPHUB-2293.sql"></include>
    <include file="sets/db_changelog_STARTUPHUB-2293-2.sql"></include>

    <include file="sets/db_changelog_STARTUPHUB-2407.sql"></include>
    <include file="sets/db_changelog_STARTUPHUB-2417.sql"></include>

    <include file="sets/db_changelog_STARTUPHUB-2418.sql"></include>

    <include file="sets/db_changelog_STARTUPHUB-2446.sql"></include>

    <include file="sets/db_changelog_fix_comment_length.sql"></include>
    <include file="sets/db_changelog_sum_investment.sql"></include>

    <include file="sets/db_changelog_STARTUPHUB-2497.sql"></include>

    <include file="sets/db_changelog_STARTUPHUB-2386.sql"></include>

    <include file="sets/db_changelog_STARTUPHUB-2663.sql"></include>
    <include file="sets/db_changelog_STARTUPHUB-2690.sql"></include>

    <include file="sets/db_changelog_STARTUPHUB-2713.sql"></include>
    <include file="sets/db_changelog_STARTUPHUB-2763.sql"></include>

    <include file="sets/db_changelog_STARTUPHUB-2765.sql"></include>
    <include file="sets/db_changelog_STARTUPHUB-2796.sql"></include>
    <include file="sets/db_changelog_STARTUPHUB-round.sql"></include>

    <include file="sets/db_changelog_ROUND_column.sql"></include>

    <include file="sets/db_changelog_STARTUPHUB-2906.sql"></include>

    <include file="sets/db_changelog_round_favorite_2.sql"></include>
    <include file="sets/db_changelog_round_add_columns.sql"></include>

    <include file="sets/db_changelog_STARTUPHUB-3061.sql"></include>
    <include file="sets/db_changelog_round_cols.sql"></include>

    <include file="sets/db_changelog_community_application.sql"></include>

    <include file="sets/db_changelog_STARTUPHUB-3095.sql"></include>
    <include file="sets/db_changelog_STARTUPHUB-community.sql"></include>

    <include file="sets/db_changelog_STARTUPHUB-3123.sql"></include>

    <include file="sets/db_changelog_site_column_change.sql"></include>
    <include file="sets/db_changelog_od_column_change.sql"></include>
    <include file="sets/db_changelog_STARTUPHUB-3236.sql"></include>
    <include file="sets/db_changelog_STARTUPHUB-3236_2.sql"></include>
    <include file="sets/db_changelog_STARTUPHUB-3270.sql"></include>

    <include file="sets/db_changelog_STARTUPHUB-3286.sql"></include>

    <include file="sets/db_changelog_STARTUPHUB-3346.sql"></include>
    <include file="sets/db_changelog_STARTUPHUB-3517.sql"></include>
    <include file="sets/db_changelog_STARTUPHUB-3352.sql"/>

    <include file="sets/db_changelog_STARTUPHUB-3402.sql"/>
    <include file="sets/db_changelog_STARTUPHUB-3413.sql"/>

    <include file="sets/db_changelog_sber500_columns.sql"/>
    <include file="sets/db_changelog_syndicate_column.sql"/>
    <include file="sets/db_changelog_STARTUPHUB-syndicate.sql"/>

    <include file="sets/db_changelog_STARTUPHUB-3761.sql"/>
    <include file="sets/db_changelog_STARTUPHUB-3705.sql"/>

    <include file="sets/db_changelog_STARTUPHUB-3796.sql"/>
    <include file="sets/db_changelog_STARTUPHUB-3815.sql"/>
    <include file="sets/db_changelog_STARTUPHUB-3649.sql"/>
    <include file="sets/db_changelog_STARTUPHUB-3966.sql"/>
    <include file="sets/db_changelog_STARTUPHUB-3964.sql"/>
    <include file="sets/db_changelog_STARTUPHUB-3970.sql"/>
    <include file="sets/db_changelog_STARTUPHUB-4046.sql"/>
    <include file="sets/db_changelog_STARTUPHUB-4174.sql"/>
    <include file="sets/db_changelog_STARTUPHUB-4171.sql"/>
    <include file="sets/db_changelog_STARTUPHUB-4197.sql"/>
    <include file="sets/db_changelog_STARTUPHUB-4254.sql"/>

    <include file="sets/db_changelog_STARTUPHUB-4363.sql"/>
    <include file="sets/db_changelog_db_project.sql"/>
    <include file="sets/db_changelog_STARTUPHUB-4373.sql"/>
    <include file="sets/db_changelog_STARTUPHUB-4372.sql"/>
    <include file="sets/db_changelog_STARTUPHUB-4423.sql"/>
    <include file="sets/db_changelog_STARTUPHUB-4439.sql"/>

    <include file="sets/db_changelog_STARTUPHUB-4447.sql"/>
    <include file="sets/db_changelog_STARTUPHUB-4469.sql"/>

    <include file="sets/db_changelog_scouting_db.sql"/>
    <include file="sets/db_changelog_STARTUPHUB-4447_2.sql"/>

    <include file="sets/db_changelog_STARTUPHUB-4179.sql"/>
    <include file="sets/db_changelog_STARTUPHUB-4517.sql"/>

    <include file="sets/db_changelog_STARTUPHUB-4528.sql"/>
    <include file="sets/db_changelog_STARTUPHUB-4568.sql"/>

    <include file="sets/db_changelog_STARTUPHUB-4589.sql"/>

    <include file="sets/db_changelog_STARTUPHUB-4568_2.sql"/>
    <include file="sets/db_changelog_STARTUPHUB-4566.sql"/>

    <include file="sets/db_changelog_STARTUPHUB-4673.sql"/>
    <include file="sets/db_changelog_STARTUPHUB-4708.sql"/>
    <include file="sets/db_changelog_STARTUPHUB-4708_2.sql"/>

    <include file="sets/db_changelog_STARTUPHUB-4751.sql"/>
    <include file="sets/db_changelog_STARTUPHUB-4708_3.sql"/>
    <include file="sets/db_changelog_STARTUPHUB-4708_4.sql"/>

    <include file="sets/db_changelog_STARTUPHUB-4941.sql"/>
    <include file="sets/db_changelog_STARTUPHUB-4708_5.sql"/>

    <include file="sets/db_changelog_STARTUPHUB-metric_type.sql"/>
    <include file="sets/db_changelog_NT_tuning.sql"/>

    <include file="sets/db_changelog_STARTUPHUB-5103.sql"/>
    <include file="sets/db_changelog_nt_tuning_popup.sql"/>

    <include file="sets/db_changelog_STARTUPHUB-4994.sql"/>
    <include file="sets/db_changelog_STARTUPHUB-5125.sql"/>

    <include file="sets/db_changelog_STARTUPHUB-5106.sql"/>

    <include file="sets/db_changelog_STARTUPHUB-5104.sql"/>
    <include file="sets/db_changelog_STARTUPHUB-5104_2.sql"/>

    <include file="sets/db_changelog_STARTUPHUB-5149.sql"/>
    <include file="sets/db_changelog_STARTUPHUB-5148.sql"/>

    <include file="sets/db_changelog_STARTUPHUB-5201.sql"/>
    <include file="sets/db_changelog_STARTUPHUB-5205.sql"/>
    <include file="sets/db_changelog_STARTUPHUB-tariff.sql"/>

    <include file="sets/db_changelog_STARTUPHUB-5149_2.sql"/>

    <include file="sets/db_changelog_STARTUPHUB-5125_2.sql"/>
    <include file="sets/db_changelog_STARTUPHUB-4754.sql"/>

    <include file="sets/db_changelog_STARTUPHUB-5357.sql"/>
    <include file="sets/db_changelog_STARTUPHUB-5379.sql"/>

    <include file="sets/db_changelog_STARTUPHUB-5459.sql"/>
    <include file="sets/db_changelog_STARTUPHUB-5459_2.sql"/>

    <include file="sets/db_changelog_STARTUPHUB-5458.sql"/>
    <include file="sets/db_changelog_STARTUPHUB-5467.sql"/>
    <include file="sets/db_changelog_STARTUPHUB-5467_2.sql"/>

    <include file="sets/db_changelog_STARTUPHUB-5576.sql"/>
    <include file="sets/db_changelog_STARTUPHUB-5576_3.sql"/>

    <include file="sets/db_changelog_STARTUPHUB-5592.sql"/>
    <include file="sets/db_changelog_STARTUPHUB-5657.sql"/>
    <include file="sets/db_changelog_STARTUPHUB-5577.sql"/>
    <include file="sets/db_changelog_STARTUPHUB-5663.sql"/>

    <include file="sets/db_changelog_STARTUPHUB-5689.sql"/>
    <include file="sets/db_changelog_STARTUPHUB-5646-2.sql"/>
    <include file="sets/db_changelog_STARTUPHUB-5646-3.sql"/>
    <include file="sets/db_changelog_STARTUPHUB-5725.sql"/>
    <include file="sets/db_changelog_update_lang_empty.sql"/>

    <include file="sets/db_changelog_drop-not-null-fullname.sql"/>
</databaseChangeLog>
