<?xml version="1.0" encoding="UTF-8"?>
<databaseChangeLog logicalFilePath="changeLog.xml" xmlns="http://www.liquibase.org/xml/ns/dbchangelog"
                   xmlns:xsi="http://www.w3.org/2001/XMLSchema-instance"
                   xsi:schemaLocation="http://www.liquibase.org/xml/ns/dbchangelog http://www.liquibase.org/xml/ns/dbchangelog/dbchangelog-3.4.xsd">

    <include file="sets/db_changelog_create_tables_0_0_1.xml"></include>
    <include file="sets/db_changelog_create_index_0_0_1.xml"></include>
    <include file="sets/db_changelog_insert_0_0_1.xml"></include>
    <include file="sets/db_changelog_insert_geography.xml"></include>
    <include file="sets/db_changelog_insert_interactiontype.xml"></include>
    <include file="sets/db_changelog_insert_interactionstate.xml"></include>
    <include file="sets/db_changelog_insert_round.xml"></include>
    <include file="sets/db_changelog_insert_stady.xml"></include>
    <include file="sets/db_changelog_insert_vas_category.xml"></include>
    <include file="sets/db_changelog_insert_staff.xml"></include>
    <include file="sets/db_changelog_insert_industry.xml"></include>
    <include file="sets/db_changelog_insert_technology.xml"></include>
    <include file="sets/db_changelog_insert_investortype.xml"></include>
    <include file="sets/db_changelog_update_geography.xml"></include>

    <include file="sets/db_changelog_alter_guide.xml"></include>
    <include file="sets/db_changelog_insert_auth.xml"></include>
    <include file="sets/db_changelog_delete_actual.xml"></include>
    <include file="sets/db_changelog_delete_actual_2.xml"></include>

    <include file="sets/db_changelog_STARTUPHUB-1031.sql"></include>
    <include file="sets/db_changelog_STARTUPHUB-1065.sql"></include>
    <include file="sets/db_changelog_SBERXTECH-56.sql"></include>

    <include file="sets/db_changelog_SBERXTECH-47.sql"></include>

    <include file="sets/db_changelog_SBERXTECH-62.sql"></include>
    <include file="sets/db_changelog_SBERXTECH-52.sql"></include>

    <include file="sets/db_changelog_SBERXTECH-148.sql"></include>
    <include file="sets/db_changelog_SBERXTECH-217.sql"></include>

    <include file="sets/db_changelog_for_lending.sql"></include>
    <include file="sets/db_changelog_fix_guide_1.sql"></include>

    <include file="sets/db_changelog_SBERXTECH-281.sql"></include>
    <include file="sets/db_changelog_SBERXTECH-278.sql"></include>

    <include file="sets/db_changelog_short.sql"></include>
    <include file="sets/db_changelog_STURTUPHUB_1475.sql"></include>
    <include file="sets/db_changelog_STARTUPHUB-1667.sql"></include>

    <include file="sets/db_changelog_STARTUPHUB-1503.sql"></include>

    <include file="sets/db_changelog_STARTUPHUB-2197.sql"></include>

    <include file="sets/db_changelog_STARTUPHUB-1842.sql"></include>
    <include file="sets/db_changelog_new_industry.sql"></include>
    <include file="sets/db_changelog_new_industry_technology.sql"></include>

    <include file="sets/db_changelog_STARTUPHUB-2035.sql"></include>


    <include file="sets/db_changelog_STURTUPHUB_2028.sql"></include>
    <include file="sets/db_changelog_duplicate_delete.sql"></include>
    <include file="sets/db_changelog_STARTUPHUB-2300.sql"></include>

    <include file="sets/db_changelog_STARTUPHUB-2403.sql"></include>

    <include file="sets/db_changelog_STARTUPHUB-2402.sql"></include>
    <include file="sets/db_changelog_STARTUPHUB-2384.sql"></include>
    <include file="sets/db_changelog_STARTUPHUB-2542.sql"></include>

    <include file="sets/db_changelog_rang.sql"></include>
    <include file="sets/db_changelog_rang_2.sql"></include>

    <include file="sets/db_changelog_STARTUPHUB-2383.sql"></include>

    <include file="sets/db_changelog_refactor.sql"></include>

    <include file="sets/db_changelog_delete_guide_value.sql"></include>
    <include file="sets/db_changelog_rename_seq.sql"></include>

    <include file="sets/db_changelog_STARTUPHUB-2677.sql"></include>
    <include file="sets/db_changelog_STARTUPHUB-2298.sql"></include>
    <include file="sets/db_changelog_STARTUPHUB-2776.sql"></include>

    <include file="sets/db_changelog_STARTUPHUB-2874.sql"></include>

    <include file="sets/db_changelog_STARTUPHUB-2786_2.sql"></include>
    <include file="sets/db_changelog_STARTUPHUB-2812.sql"></include>

    <include file="sets/db_changelog_STARTUPHUB-3020.sql"></include>

    <include file="sets/db_changelog_lang.sql"></include>

    <include file="sets/db_changelog_STARTUPHUB-3237.sql"></include>
    <include file="sets/db_changelog_STARTUPHUB-3295.sql"></include>
    <include file="sets/db_changelog_inv_type.sql"></include>

    <include file="sets/db_changelog_STARTUPHUB-3350.sql"></include>
    <include file="sets/db_changelog_STARTUPHUB-3346.sql"></include>

    <include file="sets/db_changelog_STARTUPHUB-3350_2.sql"></include>
    <include file="sets/db_changelog_STARTUPHUB-3350_3.sql"></include>

    <include file="sets/db_changelog_en_locale_guide_object.sql"></include>

    <include file="sets/db_changelog_STARTUPHUB-3458.sql"></include>

    <include file="sets/db_changelog_STARTUPHUB-3571.sql"></include>

    <include file="sets/db_changelog_STARTUPHUB-3898.sql"></include>
    <include file="sets/db_changelog_STARTUPHUB-3923.sql"></include>
    <include file="sets/db_changelog_STARTUPHUB-2923.sql"></include>

    <include file="sets/db_changelog_STARTUPHUB-2941.sql"></include>
    <include file="sets/db_changelog_STARTUPHUB-2941_1.sql"></include>
    <include file="sets/db_changelog_STARTUPHUB-3898_2.sql"></include>

    <include file="sets/db_changelog_release_22.sql"></include>

    <include file="sets/db_changelog_STARTUPHUB-1873.sql"></include>

    <include file="sets/db_changelog_STARTUPHUB-4589.sql"></include>

    <include file="sets/db_changelog_STARTUPHUB-4668.sql"></include>

    <include file="sets/db_changelog_STARTUPHUB-4728.sql"></include>
    <include file="sets/db_changelog_STARTUPHUB-4730.sql"></include>

    <include file="sets/db_changelog_STARTUPHUB-4856.sql"></include>
    <include file="sets/db_changelog_STARTUPHUB-4934.sql"></include>
    <include file="sets/db_changelog_STARTUPHUB-4995.sql"></include>
    <include file="sets/db_changelog_STARTUPHUB-4995_1.sql"></include>

    <include file="sets/db_changelog_STARTUPHUB-5076.sql"></include>

    <include file="sets/db_changelog_STARTUPHUB-4653.sql"></include>
</databaseChangeLog>