<?xml version="1.0" encoding="UTF-8"?>
<databaseChangeLog logicalFilePath="changeLog.xml" xmlns="http://www.liquibase.org/xml/ns/dbchangelog"
                   xmlns:xsi="http://www.w3.org/2001/XMLSchema-instance"
                   xsi:schemaLocation="http://www.liquibase.org/xml/ns/dbchangelog http://www.liquibase.org/xml/ns/dbchangelog/dbchangelog-3.4.xsd">
    <changeSet author="Mirov Artur" id="create_table_project">

        <createTable tableName="project">

            <column name="projectid" type="bigint" autoIncrement="true">
                <constraints nullable="false" primaryKey="true" primaryKeyName="project_pkey"/>
            </column>
            <column name="questionnaireid" type="bigint">
                <constraints nullable="false" />
            </column>
            <column name="name" type="varchar(250)">
                <constraints nullable="true" />
            </column>
            <column name="note" type="text">
                <constraints nullable="true" />
            </column>
            <column name="industry" type="bigint[]">
                <constraints nullable="true" />
            </column>
            <column name="interactiontype" type="bigint[]">
                <constraints nullable="true" />
            </column>
            <column name="businessmodel" type="bigint[]">
                <constraints nullable="true" />
            </column>
            <column name="problem" type="text">
                <constraints nullable="true" />
            </column>
            <column name="auditory" type="varchar(400)">
                <constraints nullable="true" />
            </column>
            <column name="havemvp" type="boolean" defaultValue="false">
                <constraints nullable="false"/>
            </column>
            <column name="geography" type="bigint[]">
                <constraints nullable="true"/>
            </column>
            <column name="sales" type="bigint[]">
                <constraints nullable="true"/>
            </column>
            <column name="demosite" type="varchar(150)">
                <constraints nullable="true"/>
            </column>
            <column name="demofile" type="varchar(100)">
                <constraints nullable="true"/>
            </column>
            <column name="competitor" type="varchar(400)">
                <constraints nullable="true"/>
            </column>
            <column name="upside" type="varchar(400)">
                <constraints nullable="true"/>
            </column>
            <column name="downside" type="varchar(400)">
                <constraints nullable="true"/>
            </column>
            <column name="staff" type="smallint">
                <constraints nullable="true"/>
            </column>
            <column name="hiringstaff" type="smallint">
                <constraints nullable="true"/>
            </column>
            <column name="experience" type="varchar(150)">
                <constraints nullable="true"/>
            </column>
            <column name="stady" type="bigint">
                <constraints nullable="true"/>
            </column>
            <column name="isdisabled" type="boolean" defaultValue="false">
                <constraints nullable="false"/>
            </column>
            <column name="parentid" type="bigint">
                <constraints nullable="true"/>
            </column>
            <column name="stafflocation" type="varchar(255)">
                <constraints nullable="true"/>
            </column>
        </createTable>

        <createIndex indexName="x1_project" tableName="project">
            <column name="projectid"/>
        </createIndex>

        <createIndex indexName="x2_project" tableName="project">
            <column name="questionnaireid"/>
            <column name="isdisabled"/>
        </createIndex>

        <createIndex indexName="x3_project" tableName="project">
            <column name="note"/>
            <column name="problem"/>
        </createIndex>
    </changeSet>

</databaseChangeLog>