<?xml version="1.0" encoding="UTF-8"?>
<databaseChangeLog logicalFilePath="changeLog.xml" xmlns="http://www.liquibase.org/xml/ns/dbchangelog"
                   xmlns:xsi="http://www.w3.org/2001/XMLSchema-instance"
                   xsi:schemaLocation="http://www.liquibase.org/xml/ns/dbchangelog http://www.liquibase.org/xml/ns/dbchangelog/dbchangelog-3.4.xsd">

        <changeSet author="Mirov AA" id="alter_table_pilot_drop_column">
            <dropColumn tableName="pilot">
                <column name="industry">
                    <constraints nullable="true" />
                </column>
            </dropColumn>
        </changeSet>

        <changeSet author="Mirov AA" id="alter_table_pilot_add_column">
            <addColumn tableName="pilot">
                <column name="industry"
                        type="bigint[]">
                    <constraints nullable="true" />
                </column>
            </addColumn>
        </changeSet>

</databaseChangeLog>