<?xml version="1.0" encoding="UTF-8"?>
<databaseChangeLog logicalFilePath="changeLog.xml" xmlns="http://www.liquibase.org/xml/ns/dbchangelog"
                   xmlns:xsi="http://www.w3.org/2001/XMLSchema-instance"
                   xsi:schemaLocation="http://www.liquibase.org/xml/ns/dbchangelog http://www.liquibase.org/xml/ns/dbchangelog/dbchangelog-3.4.xsd">
    <changeSet author="Mirov Artur" id="create_table_worker">

        <createTable tableName="worker">
            <column name="workerid" type="bigint" autoIncrement="true">
                <constraints nullable="false" primaryKey="true" primaryKeyName="worker_pkey"/>
            </column>
            <column name="questionnaireid" type="bigint">
                <constraints nullable="false" />
            </column>
            <column name="role" type="varchar(150)">
                <constraints nullable="true" />
            </column>
            <column name="age" type="smallint">
                <constraints nullable="true" />
            </column>
            <column name="note" type="text">
                <constraints nullable="true" />
            </column>
            <column name="percentage" type="numeric(38,2)">
                <constraints nullable="true" />
            </column>
            <column name="fio" type="varchar(150)">
                <constraints nullable="true" />
            </column>
            <column name="isdisabled" type="boolean" defaultValue="false">
                <constraints nullable="false"/>
            </column>
            <column name="parentid" type="bigint">
                <constraints nullable="true"/>
            </column>
            <column name="isfounder" type="boolean" defaultValue="false">
                <constraints nullable="true"/>
            </column>
            <column name="facebook" type="varchar(150)">
                <constraints nullable="true"/>
            </column>
        </createTable>

        <createIndex indexName="x1_worker" tableName="worker">
            <column name="workerid"/>
        </createIndex>

        <createIndex indexName="x2_worker" tableName="worker">
            <column name="questionnaireid"/>
            <column name="isdisabled"/>
        </createIndex>
    </changeSet>

</databaseChangeLog>