<?xml version="1.0" encoding="UTF-8"?>
<databaseChangeLog logicalFilePath="changeLog.xml" xmlns="http://www.liquibase.org/xml/ns/dbchangelog"
                   xmlns:xsi="http://www.w3.org/2001/XMLSchema-instance"
                   xsi:schemaLocation="http://www.liquibase.org/xml/ns/dbchangelog http://www.liquibase.org/xml/ns/dbchangelog/dbchangelog-3.4.xsd">
    <changeSet author="Mirov Artur" id="create_table_response">

        <createTable tableName="response">
            <column name="responseid" type="bigint" autoIncrement="true">
                <constraints nullable="false"  primaryKey="true" primaryKeyName="response_app_pkey"/>
            </column>
            <column name="pilotid" type="bigint">
                <constraints nullable="false" />
            </column>
            <column name="question" type="varchar(200)">
                <constraints nullable="true"/>
            </column>
            <column name="question_descriprion" type="varchar(200)">
                <constraints nullable="true"/>
            </column>
            <column name="isdisabled" type="boolean" defaultValue="false">
                <constraints nullable="false"/>
            </column>
        </createTable>

        <createIndex indexName="x1_response" tableName="response">
            <column name="pilotid"/>
            <column name="isdisabled"/>
        </createIndex>
    </changeSet>

</databaseChangeLog>