<?xml version="1.0" encoding="UTF-8"?>
<databaseChangeLog logicalFilePath="changeLog.xml" xmlns="http://www.liquibase.org/xml/ns/dbchangelog"
                   xmlns:xsi="http://www.w3.org/2001/XMLSchema-instance"
                   xsi:schemaLocation="http://www.liquibase.org/xml/ns/dbchangelog http://www.liquibase.org/xml/ns/dbchangelog/dbchangelog-3.4.xsd">
    <changeSet author="Mirov Artur" id="create_table_user_questionnaire">

        <createTable tableName="user_questionnaire">
            <column name="id" type="bigint" autoIncrement="true">
                <constraints nullable="false"  primaryKey="true" primaryKeyName="user_questionnaire_pkey"/>
            </column>
            <column name="userid" type="bigint">
                <constraints nullable="false"/>
            </column>
            <column name="sberbusinessid" type="varchar(255)">
                <constraints nullable="false"/>
            </column>
            <column name="isbran" type="boolean" defaultValue="false">
                <constraints nullable="false"/>
            </column>
            <column name="sberfh" type="boolean" defaultValue="false">
                <constraints nullable="false"/>
            </column>
            <column name="email" type="varchar(255)">
                <constraints nullable="true"/>
            </column>
            <column name="phonenumber" type="varchar(50)">
                <constraints nullable="true"/>
            </column>
            <column name="name" type="varchar(255)">
                <constraints nullable="true"/>
            </column>
            <column name="questionnaireid" type="bigint">
                <constraints nullable="false"/>
            </column>
            <column name="isdisabled" type="boolean" defaultValue="false">
                <constraints nullable="false"/>
            </column>
        </createTable>

        <createIndex indexName="x1_user_questionnaire" tableName="user_questionnaire">
            <column name="userid"/>
        </createIndex>

        <createIndex indexName="x2_user_questionnaire" tableName="user_questionnaire">
            <column name="questionnaireid"/>
            <column name="isdisabled"/>
        </createIndex>
    </changeSet>

</databaseChangeLog>