<?xml version="1.0" encoding="UTF-8"?>
<databaseChangeLog logicalFilePath="changeLog.xml" xmlns="http://www.liquibase.org/xml/ns/dbchangelog"
                   xmlns:xsi="http://www.w3.org/2001/XMLSchema-instance"
                   xsi:schemaLocation="http://www.liquibase.org/xml/ns/dbchangelog http://www.liquibase.org/xml/ns/dbchangelog/dbchangelog-3.4.xsd">

        <changeSet author="Mirov AA" id="alter_table_pilot_drop_columns">
            <dropColumn tableName="pilot">
                <column name="pilot"/>
            </dropColumn>
            <dropColumn tableName="pilot">
                <column name="experience"/>
            </dropColumn>
            <dropColumn tableName="pilot">
                <column name="isdisabled"/>
            </dropColumn>
            <dropColumn tableName="pilot">
                <column name="file"/>
            </dropColumn>
            <dropColumn tableName="pilot">
                <column name="isbran"/>
            </dropColumn>
            <dropColumn tableName="pilot">
                <column name="search"/>
            </dropColumn>
            <dropColumn tableName="pilot">
                <column name="isforeign"/>
            </dropColumn>
        </changeSet>

        <changeSet author="Mirov AA" id="alter_table_pilot_add_columns">
            <addColumn tableName="pilot">
                <column name="pilot" type="boolean" defaultValue="false">
                    <constraints nullable="true" />
                </column>
            </addColumn>
            <addColumn tableName="pilot">
                <column name="experience" type="boolean" defaultValue="false">
                    <constraints nullable="true" />
                </column>
            </addColumn>
            <addColumn tableName="pilot">
                <column name="isdisabled" type="boolean" defaultValue="false">
                    <constraints nullable="true" />
                </column>
            </addColumn>
            <addColumn tableName="pilot">
                <column name="file" type="boolean" defaultValue="false">
                    <constraints nullable="true" />
                </column>
            </addColumn>
            <addColumn tableName="pilot">
                <column name="isbran" type="boolean" defaultValue="false">
                    <constraints nullable="true" />
                </column>
            </addColumn>
            <addColumn tableName="pilot">
                <column name="search" type="boolean" defaultValue="false">
                    <constraints nullable="true" />
                </column>
            </addColumn>
            <addColumn tableName="pilot">
                <column name="isforeign" type="boolean" defaultValue="false">
                    <constraints nullable="true" />
                </column>
            </addColumn>
        </changeSet>

</databaseChangeLog>