<?xml version="1.0" encoding="UTF-8"?>
<databaseChangeLog logicalFilePath="changeLog.xml" xmlns="http://www.liquibase.org/xml/ns/dbchangelog"
                   xmlns:xsi="http://www.w3.org/2001/XMLSchema-instance"
                   xsi:schemaLocation="http://www.liquibase.org/xml/ns/dbchangelog http://www.liquibase.org/xml/ns/dbchangelog/dbchangelog-3.4.xsd">
    <changeSet author="Mirov Artur" id="create_table_feedback">

        <createTable tableName="feedback">
            <column name="feedbackid" type="bigint" autoIncrement="true">
                <constraints nullable="false"  primaryKey="true" primaryKeyName="feedback_pkey"/>
            </column>
            <column name="questionnaireid" type="bigint">
                <constraints nullable="false" />
            </column>
            <column name="userid" type="bigint">
                <constraints nullable="false" />
            </column>
            <column name="unitid" type="bigint">
                <constraints nullable="true" />
            </column>
            <column name="userfio" type="varchar(150)">
                <constraints nullable="true"/>
            </column>
            <column name="userquestionnaireid" type="bigint">
                <constraints nullable="true" />
            </column>
            <column name="interactionstate" type="bigint">
                <constraints nullable="true" />
            </column>
            <column name="comment" type="varchar(1000)">
                <constraints nullable="true"/>
            </column>
            <column name="score" type="smallint">
                <constraints nullable="true" />
            </column>
            <column name="createdate" type="timestamp">
                <constraints nullable="false" />
            </column>
            <column name="date" type="timestamp">
                <constraints nullable="true" />
            </column>
            <column name="needscore" type="smallint">
                <constraints nullable="true" />
            </column>
            <column name="needcomment" type="varchar(1000)">
                <constraints nullable="true" />
            </column>
            <column name="casescore" type="smallint">
                <constraints nullable="true" />
            </column>
            <column name="casecomment" type="varchar(1000)">
                <constraints nullable="true" />
            </column>
            <column name="kpiscore" type="smallint">
                <constraints nullable="true" />
            </column>
            <column name="kpicomment" type="varchar(1000)">
                <constraints nullable="true" />
            </column>
            <column name="isbran" type="boolean" defaultValue="false">
                <constraints nullable="false"/>
            </column>
            <column name="dateend" type="timestamp">
                <constraints nullable="true" />
            </column>
            <column name="pilotstart" type="timestamp">
                <constraints nullable="true" />
            </column>
            <column name="pilotend" type="timestamp">
                <constraints nullable="true" />
            </column>
            <column name="datecontract" type="timestamp">
                <constraints nullable="true" />
            </column>
            <column name="unitname" type="varchar(255)">
                <constraints nullable="true" />
            </column>
        </createTable>

        <createIndex indexName="x1_feedback" tableName="feedback">
            <column name="questionnaireid"/>
        </createIndex>
    </changeSet>

</databaseChangeLog>