<?xml version="1.0" encoding="UTF-8"?>
<databaseChangeLog logicalFilePath="changeLog.xml" xmlns="http://www.liquibase.org/xml/ns/dbchangelog"
                   xmlns:xsi="http://www.w3.org/2001/XMLSchema-instance"
                   xsi:schemaLocation="http://www.liquibase.org/xml/ns/dbchangelog http://www.liquibase.org/xml/ns/dbchangelog/dbchangelog-3.4.xsd">
    <changeSet author="Mirov Artur" id="create_table_communityuser">

        <createTable tableName="communityuser">
            <column name="communityuserid" type="bigint" autoIncrement="true">
                <constraints nullable="false"  primaryKey="true" primaryKeyName="communityuser_pkey"/>
            </column>
            <column name="questionnaireid" type="bigint">
                <constraints nullable="false" />
            </column>
            <column name="userid" type="bigint">
                <constraints nullable="true" />
            </column>
            <column name="ambition" type="varchar(470)">
                <constraints nullable="true" />
            </column>
            <column name="expectation" type="varchar(470)">
                <constraints nullable="true" />
            </column>
            <column name="state" type="bigint">
                <constraints nullable="true" />
            </column>
        </createTable>

        <createIndex indexName="x1_communityuser" tableName="communityuser">
            <column name="questionnaireid"/>
        </createIndex>
    </changeSet>

</databaseChangeLog>