<?xml version="1.0" encoding="UTF-8"?>
<databaseChangeLog logicalFilePath="changeLog.xml" xmlns="http://www.liquibase.org/xml/ns/dbchangelog"
                   xmlns:xsi="http://www.w3.org/2001/XMLSchema-instance"
                   xsi:schemaLocation="http://www.liquibase.org/xml/ns/dbchangelog http://www.liquibase.org/xml/ns/dbchangelog/dbchangelog-3.4.xsd">
    <changeSet author="Mirov Artur" id="create_table_pilot">

        <createTable tableName="pilot">
            <column name="pilotid" type="bigint" autoIncrement="true">
                <constraints nullable="false" primaryKey="true" primaryKeyName="pilot_pkey"/>
            </column>
            <column name="questionnaireid" type="bigint">
                <constraints nullable="false" />
            </column>
            <column name="pilot" type="boolean" defaultValue="false">
                <constraints nullable="false"/>
            </column>
            <column name="suggestcase" type="varchar(255)">
                <constraints nullable="true"/>
            </column>
            <column name="experience" type="boolean" defaultValue="false">
                <constraints nullable="false"/>
            </column>
            <column name="businessunit" type="varchar(255)">
                <constraints nullable="true"/>
            </column>
            <column name="reference" type="varchar(255)">
                <constraints nullable="true"/>
            </column>
            <column name="department" type="varchar(255)">
                <constraints nullable="true"/>
            </column>
            <column name="conditions" type="varchar(255)">
                <constraints nullable="true"/>
            </column>
            <column name="isdisabled" type="boolean" defaultValue="false">
                <constraints nullable="false"/>
            </column>
            <column name="name" type="varchar(255)">
                <constraints nullable="true"/>
            </column>
            <column name="file" type="boolean" defaultValue="false">
                <constraints nullable="false"/>
            </column>
            <column name="state" type="bigint">
                <constraints nullable="true"/>
            </column>
            <column name="isbran" type="boolean" defaultValue="false">
                <constraints nullable="false"/>
            </column>
            <column name="target" type="bigint">
                <constraints nullable="true"/>
            </column>
            <column name="relevance" type="smallint">
                <constraints nullable="true"/>
            </column>
            <column name="effect" type="bigint">
                <constraints nullable="true"/>
            </column>
            <column name="resources" type="bigint">
                <constraints nullable="true"/>
            </column>
            <column name="search" type="boolean" defaultValue="false">
                <constraints nullable="false"/>
            </column>
            <column name="deadline" type="timestamp">
                <constraints nullable="true"/>
            </column>
            <column name="exp" type="bigint">
                <constraints nullable="true"/>
            </column>
            <column name="company" type="varchar(140)">
                <constraints nullable="true"/>
            </column>
            <column name="decision" type="varchar(1000)">
                <constraints nullable="true"/>
            </column>
            <column name="isforeign" type="boolean" defaultValue="false">
                <constraints nullable="true"/>
            </column>
            <column name="decision_company" type="varchar(1000)">
                <constraints nullable="true"/>
            </column>
            <column name="ishub" type="boolean" defaultValue="false">
                <constraints nullable="true"/>
            </column>
            <column name="industry" type="bigint">
                <constraints nullable="true"/>
            </column>
            <column name="targetoption" type="varchar(140)">
                <constraints nullable="true"/>
            </column>
            <column name="ispublished" type="boolean" defaultValue="false">
                <constraints nullable="true"/>
            </column>
            <column name="parentid" type="bigint">
                <constraints nullable="true"/>
            </column>
            <column name="ecosystem" type="boolean" defaultValue="false">
                <constraints nullable="true"/>
            </column>
            <column name="isb2b" type="boolean" defaultValue="false">
                <constraints nullable="true"/>
            </column>
            <column name="isb2c" type="boolean" defaultValue="false">
                <constraints nullable="true"/>
            </column>
            <column name="issuccess" type="boolean" defaultValue="false">
                <constraints nullable="true"/>
            </column>
            <column name="isquestionnaire" type="boolean" defaultValue="false">
                <constraints nullable="true"/>
            </column>
            <column name="site" type="varchar(400)">
                <constraints nullable="true"/>
            </column>

        </createTable>

        <createIndex indexName="x1_pilot" tableName="pilot">
            <column name="pilotid"/>
        </createIndex>

        <createIndex indexName="x2_pilot" tableName="pilot">
            <column name="questionnaireid"/>
            <column name="isdisabled"/>
        </createIndex>
    </changeSet>

</databaseChangeLog>