<?xml version="1.0" encoding="UTF-8"?>
<databaseChangeLog logicalFilePath="changeLog.xml" xmlns="http://www.liquibase.org/xml/ns/dbchangelog"
                   xmlns:xsi="http://www.w3.org/2001/XMLSchema-instance"
                   xsi:schemaLocation="http://www.liquibase.org/xml/ns/dbchangelog http://www.liquibase.org/xml/ns/dbchangelog/dbchangelog-3.4.xsd">
    <changeSet author="Mirov Artur" id="create_table_representative">

        <createTable tableName="representative">
            <column name="representativeid" type="bigint" autoIncrement="true">
                <constraints nullable="false" primaryKey="true" primaryKeyName="representative_pkey"/>
            </column>
            <column name="questionnaireid" type="bigint">
                <constraints nullable="false" />
            </column>
            <column name="fio" type="varchar(150)">
                <constraints nullable="true"/>
            </column>
            <column name="phone" type="varchar(50)">
                <constraints nullable="true"/>
            </column>
            <column name="email" type="varchar(50)">
                <constraints nullable="true"/>
            </column>
            <column name="role" type="varchar(150)">
                <constraints nullable="true"/>
            </column>
            <column name="isdisabled" type="boolean" defaultValue="false">
                <constraints nullable="false"/>
            </column>
            <column name="parentid" type="bigint">
                <constraints nullable="true"/>
            </column>
            <column name="facebook" type="varchar(200)">
                <constraints nullable="true"/>
            </column>
        </createTable>

        <createIndex indexName="x1_representative" tableName="representative">
            <column name="representativeid"/>
        </createIndex>

        <createIndex indexName="x2_representative" tableName="representative">
            <column name="questionnaireid"/>
            <column name="isdisabled"/>
        </createIndex>
    </changeSet>

</databaseChangeLog>