<?xml version="1.0" encoding="UTF-8"?>
<databaseChangeLog logicalFilePath="changeLog.xml" xmlns="http://www.liquibase.org/xml/ns/dbchangelog"
                   xmlns:xsi="http://www.w3.org/2001/XMLSchema-instance"
                   xsi:schemaLocation="http://www.liquibase.org/xml/ns/dbchangelog http://www.liquibase.org/xml/ns/dbchangelog/dbchangelog-3.4.xsd">
    <changeSet author="Mirov Artur" id="create_table_questionnaire">
        <createTable tableName="questionnaire">
            <column name="questionnaireid" type="bigint" autoIncrement="true">
                <constraints nullable="false" primaryKey="true" primaryKeyName="questionnaire_pkey"/>
            </column>
            <column name="owner" type="bigint">
                <constraints nullable="true"/>
            </column>
            <column name="invitefio" type="varchar(255)">
                <constraints nullable="true"/>
            </column>
            <column name="inviteunit" type="varchar(255)">
                <constraints nullable="true"/>
            </column>
            <column name="inviteuser" type="bigint">
                <constraints nullable="true"/>
            </column>
            <column name="name" type="varchar(255)">
                <constraints nullable="false"/>
            </column>
            <column name="fullname" type="varchar(255)">
                <constraints nullable="false"/>
            </column>
            <column name="birthday" type="timestamp">
                <constraints nullable="true"/>
            </column>
            <column name="location" type="varchar(150)">
                <constraints nullable="true"/>
            </column>
            <column name="logo_file" type="text">
                <constraints nullable="true"/>
            </column>
            <column name="legal_registered" type="boolean" defaultValue="false">
                <constraints nullable="false"/>
            </column>
            <column name="status" type="smallint">
                <constraints nullable="true"/>
            </column>
            <column name="mentoring" type="boolean" defaultValue="false">
                <constraints nullable="false"/>
            </column>
            <column name="turnover" type="varchar(400)">
                <constraints nullable="true"/>
            </column>
            <column name="site" type="varchar(150)">
                <constraints nullable="true"/>
            </column>
            <column name="comment" type="varchar(255)">
                <constraints nullable="true"/>
            </column>
            <column name="stady" type="bigint[]">
                <constraints nullable="true"/>
            </column>
            <column name="note" type="text">
                <constraints nullable="true"/>
            </column>
            <column name="innovationmethod" type="bigint[]">
                <constraints nullable="true"/>
            </column>
            <column name="industry" type="bigint[]">
                <constraints nullable="true"/>
            </column>
            <column name="mailnews" type="boolean" defaultValue="false">
                <constraints nullable="false"/>
            </column>
            <column name="round" type="bigint[]">
                <constraints nullable="true"/>
            </column>
            <column name="club" type="boolean" defaultValue="false">
                <constraints nullable="false"/>
            </column>
            <column name="representative" type="boolean" defaultValue="false">
                <constraints nullable="false"/>
            </column>
            <column name="type" type="smallint">
                <constraints nullable="false"/>
            </column>
            <column name="state" type="bigint">
                <constraints nullable="true"/>
            </column>
            <column name="modified" type="timestamp">
                <constraints nullable="true"/>
            </column>
            <column name="created" type="timestamp">
                <constraints nullable="false"/>
            </column>
            <column name="isbran" type="boolean" defaultValue="false">
                <constraints nullable="false"/>
            </column>
            <column name="isdisabled" type="boolean" defaultValue="false">
                <constraints nullable="false"/>
            </column>
            <column name="geography" type="bigint[]">
                <constraints nullable="true"/>
            </column>
            <column name="tags" type="varchar[]">
                <constraints nullable="true"/>
            </column>
            <column name="phonenumber" type="varchar(30)">
                <constraints nullable="true"/>
            </column>
            <column name="email" type="varchar(50)">
                <constraints nullable="true"/>
            </column>
            <column name="parentid" type="bigint">
                <constraints nullable="true"/>
            </column>
            <column name="investortype" type="bigint">
                <constraints nullable="true"/>
            </column>
            <column name="registrationcountry" type="bigint">
                <constraints nullable="true"/>
            </column>
            <column name="successfullcase" type="boolean" defaultValue="false">
                <constraints nullable="true"/>
            </column>
            <column name="scouting" type="boolean" defaultValue="false">
                <constraints nullable="true"/>
            </column>
            <column name="startupinvestmentyears" type="smallint">
                <constraints nullable="true"/>
            </column>
            <column name="lastyearinvestmentscount" type="smallint">
                <constraints nullable="true"/>
            </column>
            <column name="overallpilots" type="smallint">
                <constraints nullable="true"/>
            </column>
            <column name="overallcontracts" type="smallint">
                <constraints nullable="true"/>
            </column>
            <column name="communitystate" type="varchar(100)">
                <constraints nullable="true"/>
            </column>
            <column name="alldealsnumber" type="smallint">
                <constraints nullable="true"/>
            </column>
            <column name="exitdealsnumber" type="smallint">
                <constraints nullable="true"/>
            </column>
            <column name="activedealsnumber" type="smallint">
                <constraints nullable="true"/>
            </column>
            <column name="accelerator" type="boolean" defaultValue="false">
                <constraints nullable="true"/>
            </column>
            <column name="locationcountry" type="varchar(255)">
                <constraints nullable="true"/>
            </column>
            <column name="community" type="boolean" defaultValue="false">
                <constraints nullable="true"/>
            </column>
            <column name="successpilots" type="boolean" defaultValue="false">
                <constraints nullable="true"/>
            </column>
            <column name="pilot" type="boolean" defaultValue="false">
                <constraints nullable="true"/>
            </column>
            <column name="successpilotsb2c" type="boolean" defaultValue="false">
                <constraints nullable="true"/>
            </column>
        </createTable>

        <createIndex indexName="x1_questionnaire" tableName="questionnaire">
            <column name="type"/>
            <column name="state"/>
        </createIndex>

        <createIndex indexName="x2_questionnaire" tableName="questionnaire">
            <column name="state"/>
        </createIndex>

        <createIndex indexName="x3_questionnaire" tableName="questionnaire">
            <column name="name"/>
            <column name="fullname"/>
            <column name="phonenumber"/>
            <column name="email"/>
        </createIndex>

        <createIndex indexName="x4_questionnaire" tableName="questionnaire">
            <column name="type"/>
            <column name="isbran"/>
            <column name="isdisabled"/>
            <column name="state"/>
        </createIndex>

    </changeSet>

</databaseChangeLog>