<?xml version="1.0" encoding="UTF-8"?>
<databaseChangeLog logicalFilePath="changeLog.xml" xmlns="http://www.liquibase.org/xml/ns/dbchangelog"
                   xmlns:xsi="http://www.w3.org/2001/XMLSchema-instance"
                   xsi:schemaLocation="http://www.liquibase.org/xml/ns/dbchangelog http://www.liquibase.org/xml/ns/dbchangelog/dbchangelog-3.4.xsd">
    <changeSet author="Mirov Artur" id="create_table_investment">

        <createTable tableName="investment">
            <column name="questionnaireid" type="bigint">
                <constraints nullable="false"  primaryKey="true" primaryKeyName="investment_pkey"/>
            </column>
            <column name="investment" type="boolean" defaultValue="false">
                <constraints nullable="false"/>
            </column>
            <column name="experience" type="varchar(255)">
                <constraints nullable="true"/>
            </column>
            <column name="round" type="bigint[]">
                <constraints nullable="true"/>
            </column>
            <column name="suminvestment" type="numeric(38,2)">
                <constraints nullable="true"/>
            </column>
            <column name="lastinvestment" type="varchar(300)">
                <constraints nullable="true"/>
            </column>
            <column name="coinvestment" type="varchar(300)">
                <constraints nullable="true"/>
            </column>
            <column name="turnover" type="varchar(400)">
                <constraints nullable="true"/>
            </column>
            <column name="businessplan" type="varchar(255)">
                <constraints nullable="true"/>
            </column>
            <column name="industry" type="bigint[]">
                <constraints nullable="true"/>
            </column>
            <column name="geography" type="bigint[]">
                <constraints nullable="true"/>
            </column>
            <column name="note" type="text">
                <constraints nullable="true"/>
            </column>
            <column name="isdisabled" type="boolean" defaultValue="false">
                <constraints nullable="false"/>
            </column>
            <column name="parentid" type="bigint">
                <constraints nullable="true"/>
            </column>
        </createTable>

        <createIndex indexName="x1_investment" tableName="investment">
            <column name="questionnaireid"/>
            <column name="isdisabled"/>
        </createIndex>
    </changeSet>

</databaseChangeLog>
