<?xml version="1.0" encoding="UTF-8"?>
<databaseChangeLog logicalFilePath="changeLog.xml" xmlns="http://www.liquibase.org/xml/ns/dbchangelog"
                   xmlns:xsi="http://www.w3.org/2001/XMLSchema-instance"
                   xsi:schemaLocation="http://www.liquibase.org/xml/ns/dbchangelog http://www.liquibase.org/xml/ns/dbchangelog/dbchangelog-3.4.xsd">
    <changeSet author="Mirov Artur" id="create_table_founder">

        <createTable tableName="founder">
            <column name="founderid" type="bigint" autoIncrement="true">
                <constraints nullable="false"  primaryKey="true" primaryKeyName="founder_pkey"/>
            </column>
            <column name="questionnaireid" type="bigint">
                <constraints nullable="false" />
            </column>
            <column name="fio" type="varchar(100)">
                <constraints nullable="false" />
            </column>
        </createTable>

        <createIndex indexName="x1_founder" tableName="founder">
            <column name="questionnaireid"/>
        </createIndex>
    </changeSet>

</databaseChangeLog>