<?xml version="1.0" encoding="UTF-8"?>
<databaseChangeLog logicalFilePath="changeLog.xml" xmlns="http://www.liquibase.org/xml/ns/dbchangelog"
                   xmlns:xsi="http://www.w3.org/2001/XMLSchema-instance"
                   xsi:schemaLocation="http://www.liquibase.org/xml/ns/dbchangelog http://www.liquibase.org/xml/ns/dbchangelog/dbchangelog-3.4.xsd">
    <changeSet author="Mirov Artur" id="create_table_contact">

        <createTable tableName="contact">
            <column name="contactid" type="bigint" autoIncrement="true">
                <constraints nullable="false" primaryKey="true" primaryKeyName="contact_pkey"/>
            </column>
            <column name="questionnaireid" type="bigint">
                <constraints nullable="false" />
            </column>
            <column name="type" type="bigint">
                <constraints nullable="false" />
            </column>
            <column name="name" type="varchar(150)">
                <constraints nullable="true" />
            </column>
            <column name="value" type="varchar(150)">
                <constraints nullable="true" />
            </column>
            <column name="isdisabled" type="boolean" defaultValue="false">
                <constraints nullable="false"/>
            </column>
            <column name="parentid" type="bigint">
                <constraints nullable="true"/>
            </column>
        </createTable>

        <createIndex indexName="x1_contact" tableName="contact">
            <column name="contactid"/>
        </createIndex>

        <createIndex indexName="x2_contact" tableName="contact">
            <column name="questionnaireid"/>
            <column name="isdisabled"/>
        </createIndex>
    </changeSet>

</databaseChangeLog>