<?xml version="1.0" encoding="UTF-8"?>
<configuration>
    <include resource="org/springframework/boot/logging/logback/defaults.xml"/>
    <appender name="logsSender" class="ch.qos.logback.classic.net.server.ServerSocketAppender">
        <port>{port}</port>
        <includeCallerData>true</includeCallerData>
    </appender>
    <appender name="CONSOLE" class="ch.qos.logback.core.ConsoleAppender">
        <encoder>
            <pattern>${CONSOLE_LOG_PATTERN}</pattern>
            <charset>utf8</charset>
        </encoder>
    </appender>
    <root level="info">
        <appender-ref ref="logsSender"/>
        <appender-ref ref="CONSOLE"/>
    </root>
    <logger name="ru.sberx" level="DEBUG"/>
</configuration>