<?xml version="1.0" encoding="UTF-8"?>
<databaseChangeLog logicalFilePath="changeLog.xml" xmlns="http://www.liquibase.org/xml/ns/dbchangelog"
                   xmlns:xsi="http://www.w3.org/2001/XMLSchema-instance"
                   xsi:schemaLocation="http://www.liquibase.org/xml/ns/dbchangelog http://www.liquibase.org/xml/ns/dbchangelog/dbchangelog-3.4.xsd">
    <changeSet author="Mirov AA" id="insert_session_config">
        <insert tableName="session_config">
            <column name="clientid" value="8385"/>
            <column name="sessiontimeout" value="1800"/>
            <column name="responsetype" value="code"/>
            <column name="scope" value="openid sub name inn email phone_number orgFullName OrgName orgOgrn orgOkpo orgOktmo orgActualAddress orgJuridicalAddress userPosition userId"/>
            <column name="redirecturi" value="https://sber-unity.ru/auth"/>
            <column name="state" value="af0ifjsldkj"/>
            <column name="clientsecret" value="MV8jQgZy"/>
            <column name="granttype" value="authorization_code"/>
        </insert>
    </changeSet>

</databaseChangeLog>