<?xml version="1.0" encoding="UTF-8"?>
<databaseChangeLog logicalFilePath="changeLog.xml" xmlns="http://www.liquibase.org/xml/ns/dbchangelog"
                   xmlns:xsi="http://www.w3.org/2001/XMLSchema-instance"
                   xsi:schemaLocation="http://www.liquibase.org/xml/ns/dbchangelog http://www.liquibase.org/xml/ns/dbchangelog/dbchangelog-3.4.xsd">
    <changeSet author="Mirov AA" id="insert_roles">
        <insert tableName="user_role">
            <column name="rolename" value="Бизнес-юнит"/>
            <column name="rolesysname" value="BusinessUnit"/>
        </insert>
        <insert tableName="user_role">
            <column name="rolename" value="Администратор"/>
            <column name="rolesysname" value="Administrator"/>
        </insert>
        <insert tableName="user_role">
            <column name="rolename" value="Администратор-Бран"/>
            <column name="rolesysname" value="AdministratorBran"/>
        </insert>
        <insert tableName="user_role">
            <column name="rolename" value="Скаут"/>
            <column name="rolesysname" value="Scout"/>
        </insert>

    </changeSet>

</databaseChangeLog>