<?xml version="1.0" encoding="UTF-8"?>
<databaseChangeLog logicalFilePath="changeLog.xml" xmlns="http://www.liquibase.org/xml/ns/dbchangelog"
                   xmlns:xsi="http://www.w3.org/2001/XMLSchema-instance"
                   xsi:schemaLocation="http://www.liquibase.org/xml/ns/dbchangelog http://www.liquibase.org/xml/ns/dbchangelog/dbchangelog-3.4.xsd">
    <changeSet author="Mirov Artur" id="user_entity">

        <createTable tableName="user_entity">
            <column name="userid" type="bigint" autoIncrement="true">
                <constraints nullable="false"  primaryKey="true" primaryKeyName="user_entity_pkey"/>
            </column>
            <column name="login" type="varchar(50)">
                <constraints nullable="false" />
            </column>
            <column name="password" type="varchar(150)">
                <constraints nullable="true"/>
            </column>
            <column name="enters" type="smallint">
                <constraints nullable="true"/>
            </column>
            <column name="departmentid" type="varchar(150)">
                <constraints nullable="true"/>
            </column>
            <column name="externalid" type="bigint">
                <constraints nullable="true"/>
            </column>
        </createTable>

        <createIndex indexName="x1_user_entity" tableName="user_entity">
            <column name="login"/>
            <column name="password"/>
        </createIndex>
    </changeSet>

    <changeSet author="Mirov Artur" id="user_session">

        <createTable tableName="user_session">
            <column name="sessionid" type="bigint" autoIncrement="true">
                <constraints nullable="false"  primaryKey="true" primaryKeyName="user_session_pkey"/>
            </column>
            <column name="userid" type="bigint">
                <constraints nullable="false" />
            </column>
            <column name="expiry" type="timestamp">
                <constraints nullable="false"/>
            </column>
        </createTable>

        <createIndex indexName="x1_user_session" tableName="user_session">
            <column name="userid"/>
        </createIndex>
    </changeSet>

    <changeSet author="Mirov Artur" id="user_role">

        <createTable tableName="user_role">
            <column name="roleid" type="bigint" autoIncrement="true">
                <constraints nullable="false"  primaryKey="true" primaryKeyName="user_role_pkey"/>
            </column>
            <column name="rolename" type="varchar(100)">
                <constraints nullable="false" />
            </column>
            <column name="rolesysname" type="varchar(100)">
                <constraints nullable="false"/>
            </column>
        </createTable>
    </changeSet>

    <changeSet author="Mirov Artur" id="user_role_link">

        <createTable tableName="user_role_link">
            <column name="linkid" type="bigint" autoIncrement="true">
                <constraints nullable="false"  primaryKey="true" primaryKeyName="user_role_link_pkey"/>
            </column>
            <column name="userid" type="bigint">
                <constraints nullable="false" />
            </column>
            <column name="roleid" type="bigint">
                <constraints nullable="false"/>
            </column>
        </createTable>

        <createIndex indexName="x1_user_role_link" tableName="user_role_link">
            <column name="userid"/>
        </createIndex>
    </changeSet>

    <changeSet author="Mirov Artur" id="session_config">

        <createTable tableName="session_config">
            <column name="clientid" type="varchar(100)">
                <constraints nullable="false"  primaryKey="true" primaryKeyName="session_config_pkey"/>
            </column>
            <column name="sessiontimeout" type="bigint">
                <constraints nullable="false" />
            </column>
            <column name="responsetype" type="varchar(100)" defaultValue="code">
                <constraints nullable="true"/>
            </column>
            <column name="scope" type="text">
                <constraints nullable="true" />
            </column>
            <column name="redirecturi" type="varchar(150)">
                <constraints nullable="true" />
            </column>
            <column name="state" type="varchar(150)">
                <constraints nullable="true" />
            </column>
            <column name="clientsecret" type="varchar(150)">
                <constraints nullable="true" />
            </column>
            <column name="granttype" type="varchar(150)">
                <constraints nullable="true" />
            </column>
        </createTable>
    </changeSet>

</databaseChangeLog>