<?xml version="1.0" encoding="UTF-8"?>
<databaseChangeLog logicalFilePath="changeLog.xml" xmlns="http://www.liquibase.org/xml/ns/dbchangelog"
                   xmlns:xsi="http://www.w3.org/2001/XMLSchema-instance"
                   xsi:schemaLocation="http://www.liquibase.org/xml/ns/dbchangelog http://www.liquibase.org/xml/ns/dbchangelog/dbchangelog-3.4.xsd">
    <changeSet author="Timoshkin Mikhail" id="create_table_01">

        <createTable tableName="client_menu">
            <column name="id" type="bigint" autoIncrement="true">
                <constraints nullable="false" primaryKey="true" primaryKeyName="client_menu_pkey"/>
            </column>
            <column name="type" type="smallint">
                <constraints nullable="false"/>
            </column>
            <column name="menutype" type="varchar(50)">
                <constraints nullable="true"/>
            </column>
            <column name="name" type="varchar(150)">
                <constraints nullable="true"/>
            </column>
            <column name="sysname" type="varchar(50)">
                <constraints nullable="true"/>
            </column>
            <column name="action" type="varchar(50)">
                <constraints nullable="true"/>
            </column>
            <column name="method" type="varchar(20)">
                <constraints nullable="true"/>
            </column>
            <column name="clientid" type="varchar(150)">
                <constraints nullable="false"/>
            </column>
            <column name="logofile" type="varchar(150)">
                <constraints nullable="true"/>
            </column>
            <column name="isdefault" type="boolean">
                <constraints nullable="true"/>
            </column>
            <column name="ui" type="varchar(20)">
                <constraints nullable="true"/>
            </column>
        </createTable>

        <createIndex indexName="x1_client_menu" tableName="client_menu">
            <column name="type"/>
            <column name="menutype"/>
            <column name="clientid"/>
        </createIndex>

        <createTable tableName="screen">
            <column name="id" type="bigint" autoIncrement="true">
                <constraints nullable="false" primaryKey="true" primaryKeyName="screen_pkey"/>
            </column>
            <column name="clientid" type="varchar(150)">
                <constraints nullable="false"/>
            </column>
            <column name="type" type="smallint">
                <constraints nullable="false"/>
            </column>
            <column name="formname" type="varchar(150)">
                <constraints nullable="true"/>
            </column>
            <column name="formedit" type="json">
                <constraints nullable="true"/>
            </column>
            <column name="formview" type="json">
                <constraints nullable="true"/>
            </column>
            <column name="name" type="varchar(255)">
                <constraints nullable="true"/>
            </column>
            <column name="description" type="varchar(655)">
                <constraints nullable="true"/>
            </column>
            <column name="pages" type="smallint">
                <constraints nullable="true"/>
            </column>
            <column name="buttons" type="json">
                <constraints nullable="true"/>
            </column>
            <column name="logofile" type="varchar(255)">
                <constraints nullable="true"/>
            </column>
            <column name="offerdescription" type="text">
                <constraints nullable="true"/>
            </column>
            <column name="secondofferdescription" type="text">
                <constraints nullable="true"/>
            </column>
        </createTable>

        <createIndex indexName="x1_screen" tableName="screen">
            <column name="clientid"/>
            <column name="type"/>
        </createIndex>


        <createTable tableName="schemas">
            <column name="id" type="bigint" autoIncrement="true">
                <constraints nullable="false" primaryKey="true" primaryKeyName="schemas_pkey"/>
            </column>
            <column name="clientid" type="varchar(150)">
                <constraints nullable="false"/>
            </column>
            <column name="name" type="varchar(150)">
                <constraints nullable="true"/>
            </column>
            <column name="value" type="json">
                <constraints nullable="true"/>
            </column>
        </createTable>

        <createIndex indexName="x1_schemas" tableName="schemas">
            <column name="clientid"/>
            <column name="name"/>
        </createIndex>

    </changeSet>

</databaseChangeLog>