<?xml version="1.0" encoding="UTF-8"?>
<databaseChangeLog logicalFilePath="changeLog.xml" xmlns="http://www.liquibase.org/xml/ns/dbchangelog"
                   xmlns:xsi="http://www.w3.org/2001/XMLSchema-instance"
                   xsi:schemaLocation="http://www.liquibase.org/xml/ns/dbchangelog http://www.liquibase.org/xml/ns/dbchangelog/dbchangelog-3.4.xsd">
    <changeSet author="Mirov Artur" id="STARTUPHUB-1020">

        <update tableName="client_menu">
            <column name="action" value="/v2/list?type=3&#38;filters=vas_unity"/>
            <where>sysname='services'</where>
        </update>
        <update tableName="client_menu">
            <column name="action" value="/list?type=4"/>
            <where>sysname='pilots' and type in (4,5,6)</where>
        </update>

    </changeSet>

</databaseChangeLog>