<?xml version="1.0" encoding="UTF-8"?>
<databaseChangeLog logicalFilePath="changeLog.xml" xmlns="http://www.liquibase.org/xml/ns/dbchangelog"
                   xmlns:xsi="http://www.w3.org/2001/XMLSchema-instance"
                   xsi:schemaLocation="http://www.liquibase.org/xml/ns/dbchangelog http://www.liquibase.org/xml/ns/dbchangelog/dbchangelog-3.4.xsd">
    <changeSet author="Mirov Artur" id="bran">

        <modifyDataType tableName="client_menu"
                        columnName="action"
                        newDataType="varchar(255)" />

        <update tableName="client_menu">
            <column name="action" value="/list?type=0&#38;type=1&#38;type=2&#38;state=20001&#38;state=20002&#38;state=20003&#38;state=20004&#38;state=20005&#38;state=20009"/>
            <where>action='/list?type=0&#38;type=1&#38;type=2'</where>
        </update>

    </changeSet>

</databaseChangeLog>