<?xml version="1.0" encoding="UTF-8"?>
<databaseChangeLog logicalFilePath="changeLog.xml" xmlns="http://www.liquibase.org/xml/ns/dbchangelog"
                   xmlns:xsi="http://www.w3.org/2001/XMLSchema-instance"
                   xsi:schemaLocation="http://www.liquibase.org/xml/ns/dbchangelog http://www.liquibase.org/xml/ns/dbchangelog/dbchangelog-3.4.xsd">
    <changeSet author="Mirov Artur" id="STARTUPHUB-782-3">

        <delete tableName="client_menu">
            <where>id='9991'</where>
        </delete>
        <delete tableName="client_menu">
            <where>id='9992'</where>
        </delete>

        <insert tableName="client_menu">
            <column name="id" value="9991"/>
            <column name="type" value="1"/>
            <column name="menutype" value="pilots_corporate"/>
            <column name="name" value="Архив"/>
            <column name="sysname" value="archive"/>
            <column name="action" value="/v2/list?type=4&#38;schema=pilots_archive&#38;state=20005"/>
            <column name="method" value="GET"/>
            <column name="clientid" value="111260"/>
            <column name="isdefault" value="false"/>
        </insert>
        <insert tableName="client_menu">
            <column name="id" value="9992"/>
            <column name="type" value="2"/>
            <column name="menutype" value="pilots_investor"/>
            <column name="name" value="Архив"/>
            <column name="sysname" value="archive"/>
            <column name="action" value="/v2/list?type=4&#38;schema=pilots_archive&#38;state=20005"/>
            <column name="method" value="GET"/>
            <column name="clientid" value="111260"/>
            <column name="isdefault" value="false"/>
        </insert>

    </changeSet>

</databaseChangeLog>