<?xml version="1.0" encoding="UTF-8"?>
<databaseChangeLog logicalFilePath="changeLog.xml" xmlns="http://www.liquibase.org/xml/ns/dbchangelog"
                   xmlns:xsi="http://www.w3.org/2001/XMLSchema-instance"
                   xsi:schemaLocation="http://www.liquibase.org/xml/ns/dbchangelog http://www.liquibase.org/xml/ns/dbchangelog/dbchangelog-3.4.xsd">

    <include file="sets/db_changelog_0_0_1.xml"/>
    <include file="sets/db_changelog_STARTUPHUB-782.xml"/>
    <include file="sets/db_changelog_STARTUPHUB-740.xml"/>
    <include file="sets/db_changelog_STARTUPHUB-740-2.xml"/>
    <include file="sets/db_changelog_bran.xml"/>
    <include file="sets/db_changelog_STARTUPHUB-782-2.xml"/>
    <include file="sets/db_changelog_STARTUPHUB-782-3.xml"/>
    <include file="sets/db_changelog_STARTUPHUB-557.xml"/>
    <include file="sets/db_changelog_STARTUPHUB-1014.xml"/>
    <include file="sets/db_changelog_STARTUPHUB-1014-2.xml"/>
    <include file="sets/db_changelog_vas_menu.xml"/>
    <include file="sets/db_changelog_ranud.sql"/>
    <include file="sets/db_changelog_STARTUPHUB-1071.sql"/>
    <include file="sets/db_changelog_STARTUPHUB-1127.sql"/>
    <include file="sets/db_changelog_STARTUPHUB-1127-2.sql"/>
    <include file="sets/db_changelog_STARTUPHUB-1108.sql"/>
    <include file="sets/db_changelog_STARTUPHUB-1139.sql"/>
    <include file="sets/db_changelog_STARTUPHUB-1136.sql"/>
    <include file="sets/db_changelog_STARTUPHUB-1136-2.sql"/>
    <include file="sets/db_changelog_schemas.sql"/>
    <include file="sets/db_changelog_SBERXTECH-73.sql"/>


    <include file="sets/db_changelog_SBERXTECH-89.sql"/>
    <include file="sets/db_changelog_SBERXTECH-93.sql"/>
    <include file="sets/db_changelog_SBERXTECH-70.sql"/>

    <include file="sets/db_changelog_SBERXTECH-23.sql"/>
    <include file="sets/db_changelog_pdf.sql"/>
    <include file="sets/db_changelog_SBERXTECH-23-2.sql"/>

    <include file="sets/db_changelog_STBERXTECH-68+66.sql"/>
    <include file="sets/db_changelog_STBERXTECH-53.sql"/>
    <include file="sets/db_changelog_SBERXTECH-119.sql"/>

    <include file="sets/db_changelog_SBERXTECH-85.sql"/>
    <include file="sets/db_changelog_SBERXTECH-85-2.sql"/>

    <include file="sets/db_changelog_SBERXTECH-138.sql"/>
    <include file="sets/db_changelog_SBERXTECH-40.sql"/>
    <include file="sets/db_changelog_SBERXTECH-33.sql"/>

    <include file="sets/db_changelog_SBERXTECH-171.sql"/>

    <include file="sets/db_changelog_admin.sql"/>

    <include file="sets/db_changelog_SBERXTECH-134.sql"/>
    <include file="sets/db_changelog_SBERXTECH-40-2.sql"/>
    <include file="sets/db_changelog_SBERXTECH-214.sql"/>

    <include file="sets/db_changelog_SBERXTECH-64.sql"/>
    <include file="sets/db_changelog_SBERXTECH-249.sql"/>

    <include file="sets/db_changelog_SBERXTECH-195_2.sql"/>
    <include file="sets/db_changelog_SBERXTECH-253.sql"/>
    <include file="sets/db_changelog_SBERXTECH-254.sql"/>

    <include file="sets/db_changelog_SBERXTECH-128.sql"/>
    <include file="sets/db_changelog_SBERXTECH-142.sql"/>
    <include file="sets/db_changelog_SBERXTECH-142-1.sql"/>

    <include file="sets/db_changelog_SBERXTECH-60.sql"/>

    <include file="sets/db_changelog_short.sql"/>
    <include file="sets/db_changelog_short_admin_menu.sql"/>

    <include file="sets/db_changelog_STURTUPHUB-1659.sql"/>
    <include file="sets/db_changelog_STARTUPHUB-1650.sql"/>

    <include file="sets/db_changelog_STARTUPHUB-1716.sql"/>
    <include file="sets/db_changelog_STARTUPHUB-1907.sql"/>

    <include file="sets/db_changelog_STARTUPHUB-1944.sql"/>
    <include file="sets/db_changelog_STURTUPHUB-1640.sql"/>

    <include file="sets/db_changelog_admin_pilots.sql"/>

    <include file="sets/db_changelog_STURTUPHUB-2084.sql"/>

    <include file="sets/db_changelog_STARTUPHUB-2031.sql"/>

    <include file="sets/db_changelog_STARTUPHUB-1930.sql"/>

    <include file="sets/db_changelog_STARTUPHUB-2183.sql"/>

    <include file="sets/db_changelog_STARTUPHUB-2098.sql"/>
    <include file="sets/db_changelog_STARTUPHUB-2099.sql"/>

    <include file="sets/db_changelog_STARTUPHUB-2146.sql"/>

    <include file="sets/db_changelog_STARTUPHUB-2099.1.sql"/>

    <include file="sets/db_changelog_STARTUPHUB-2445.sql"/>


    <include file="sets/db_changelog_STARTUPHUB-2402.sql"/>
    <include file="sets/db_changelog_app_short.sql"/>

    <include file="sets/db_changelog_STARTUPHUB-2306.sql"/>

    <include file="sets/db_changelog_STARTUPHUB-1488.sql"/>
    <include file="sets/db_changelog_STARTUPHUB-2564.sql"/>


    <include file="sets/db_changelog_STARTUPHUB-2544.sql"/>

    <include file="sets/db_changelog_STARTUPHUB-2584.sql"/>
    <include file="sets/db_changelog_STARTUPHUB-2382.sql"/>
    <include file="sets/db_changelog_STARTUPHUB-2573.sql"/>
    <include file="sets/db_changelog_STARTUPHUB-2589.sql"/>
    <include file="sets/db_changelog_video.sql"/>

    <include file="sets/db_changelog_STARTUPHUB-2435.sql"/>

    <include file="sets/db_changelog_STARTUPHUB-2412.sql"/>

    <include file="sets/db_changelog_features.sql"/>
    <include file="sets/db_changelog_features_2.sql"/>

    <include file="sets/db_changelog_STARTUPHUB-2664.sql"/>



    <include file="sets/db_changelog_STARTUPHUB-2736.sql"/>

    <include file="sets/db_changelog_STARTUPHUB-1913.sql"/>

    <include file="sets/db_changelog_turnover.sql"/>
    <include file="sets/db_changelog_turnover_2.sql"/>

    <include file="sets/db_changelog_questionnaire_acceleratorCode.sql"/>

    <include file="sets/db_changelog_STARTUPHUB-1963.sql"/>
    <include file="sets/db_changelog_STARTUPHUB-2642.sql"/>
    <include file="sets/db_changelog_STARTUPHUB-2750.sql"/>
    <include file="sets/db_changelog_STARTUPHUB-2548.sql"/>
    <include file="sets/db_changelog_STARTUPHUB-2548_insert.sql"/>

    <include file="sets/db_changelog_STARTUPHUB-1506.sql"/>
    <include file="sets/db_changelog_STARTUPHUB-1506-2.sql"/>
    <include file="sets/db_changelog_STARTUPHUB-2786.sql"/>

    <include file="sets/db_changelog_button-links_insert.sql"/>

    <include file="sets/db_changelog_STARTUPHUB-2884.sql"/>
    <include file="sets/db_changelog_STARTUPHUB-1912.sql"/>

    <include file="sets/db_changelog_button-links_insert_2.sql"/>
    <include file="sets/db_changelog_button-links_insert_3.sql"/>

    <include file="sets/db_changelog_STARTUPHUB-2786-2.sql"/>
    <include file="sets/db_changelog_STARTUPHUB-1912-2.sql"/>
    <include file="sets/db_changelog_STARTUPHUB-2450.sql"/>
    <include file="sets/db_changelog_STARTUPHUB-2786-3.sql"/>
    <include file="sets/db_changelog_remove_site.sql"/>

    <include file="sets/db_changelog_STARTUPHUB-2814.sql"/>
    <include file="sets/db_changelog_STARTUPHUB-2814_2.sql"/>

    <include file="sets/db_changelog_STARTUPHUB-2159.sql"/>
    <include file="sets/db_changelog_STARTUPHUB-2925.sql"/>
    <include file="sets/db_changelog_STARTUPHUB-3060.sql"/>
    <include file="sets/db_changelog_STARTUPHUB-3067.sql"/>
    <include file="sets/db_changelog_STARTUPHUB-2159-2.sql"/>

    <include file="sets/db_changelog_STARTUPHUB-3096.sql"/>

    <include file="sets/db_changelog_STARTUPHUB-lead_name.sql"/>
    <include file="sets/db_changelog_STARTUPHUB-3105.sql"/>

    <include file="sets/db_changelog_STARTUPHUB-3162.sql"/>

    <include file="sets/db_changelog_STARTUPHUB-3148.sql"/>

    <include file="sets/db_changelog_STARTUPHUB-3185.sql"/>
    <include file="sets/db_changelog_investor_edit.sql"/>

    <include file="sets/db_changelog_STARTUPHUB-3213.sql"/>

    <include file="sets/db_changelog_lang_create.sql"/>
    <include file="sets/db_changelog_lang_insert.sql"/>

    <include file="sets/db_changelog_langId_insert.sql"/>

    <include file="sets/db_changelog_locale_screen.sql"/>

    <include file="sets/db_changelog_STARTUPHUB-3239.sql"/>
    <include file="sets/db_changelog_community_forms.sql"/>
    <include file="sets/db_changelog_community_forms_nz.sql"/>
    <include file="sets/db_changelog_STARTUPHUB-3272.sql"/>
    <include file="sets/db_changelog_locale_buttons.sql"/>
    <include file="sets/db_changelog_STARTUPHUB-3275.sql"/>
    <include file="sets/db_changelog_STARTUPHUB-3277.sql"/>

    <include file="sets/db_changelog_STARTUPHUB-3134.sql"/>

    <include file="sets/db_changelog_STARTUPHUB-3106.sql"/>

    <include file="sets/db_changelog_STARTUPHUB-3312.sql"/>
    <include file="sets/db_changelog_community_forms_nz_2.sql"/>
    <include file="sets/db_changelog_community_forms_nz_3.sql"/>

    <include file="sets/db_changelog_STARTUPHUB-3319.sql"/>
    <include file="sets/db_changelog_STARTUPHUB-3345.sql"/>

    <include file="sets/db_changelog_STARTUPHUB-3348.sql"/>

    <include file="sets/db_changelog_STARTUPHUB-3346.sql"/>
    <include file="sets/db_changelog_STARTUPHUB-3368.sql"/>

    <include file="sets/db_changelog_STARTUPHUB-3370.sql"/>

    <include file="sets/db_changelog_STARTUPHUB-3395.sql"/>

    <include file="sets/db_changelog_STARTUPHUB-3370_2.sql"/>
    <include file="sets/db_changelog_STARTUPHUB-3370_3.sql"/>
    <include file="sets/db_changelog_STARTUPHUB-3370_4.sql"/>
    <include file="sets/db_changelog_STARTUPHUB-3370_5.sql"/>

    <include file="sets/db_changelog_STARTUPHUB-3407.sql"/>
    <include file="sets/db_changelog_community_forms_admin.sql"/>
    <include file="sets/db_changelog_STURTUPHUB-3127.sql"/>


    <include file="sets/db_changelog_STARTUPHUB-3014_create_structure_tables.sql"/>
    <include file="sets/db_changelog_STARTUPHUB-3014_insert_data.sql"/>
    <include file="sets/db_changelog_STARTUPHUB-3014_create_indexes.sql"/>
    <include file="sets/db_changelog_STARTUPHUB-3174_update_data.sql"/>
    <include file="sets/db_changelog_STARTUPHUB-3174_update_data_2.sql"/>
    <include file="sets/db_changelog_STARTUPHUB-3407_2.sql"/>

    <include file="sets/db_changelog_STARTUPHUB-3492.sql"/>

    <include file="sets/db_changelog_community_part_1.sql"/>
    <include file="sets/db_changelog_community_part_2.sql"/>
    <include file="sets/db_changelog_community_part_3.sql"/>
    <include file="sets/db_changelog_community_part_4.sql"/>
    <include file="sets/db_changelog_community_part_5.sql"/>
    <include file="sets/db_changelog_community_part_6.sql"/>

    <include file="sets/db_changelog_STARTUPHUB-3458.sql"/>
    <include file="sets/db_changelog_STARTUPHUB-3474.sql"/>

    <include file="sets/db_changelog_STARTUPHUB-3492_2.sql"/>

    <include file="sets/db_changelog_STARTUPHUB-3522.sql"/>
    <include file="sets/db_changelog_STARTUPHUB-3541.sql"/>

    <include file="sets/db_changelog_STARTUPHUB-3534.sql"/>
    <include file="sets/db_changelog_STARTUPHUB-3534_2.sql"/>

    <include file="sets/db_changelog_STARTUPHUB-3458_1.sql"/>


    <include file="sets/db_changelog_STARTUPHUB-3539.sql"/>
    <include file="sets/db_changelog_STARTUPHUB-3539_2.sql"/>
    <include file="sets/db_changelog_STARTUPHUB-3539_3.sql"/>

    <include file="sets/db_changelog_STURTUPHUB-3531.sql"/>
    <include file="sets/db_changelog_STARTUPHUB-3571.sql"/>

    <include file="sets/db_changelog_STARTUPHUB-3489.sql"/>
    <include file="sets/db_changelog_STARTUPHUB-3467.sql"/>
    <include file="sets/db_changelog_STARTUPHUB-3539_4.sql"/>

    <include file="sets/db_changelog_STARTUPHUB-3585.sql"/>
    <include file="sets/db_changelog_STARTUPHUB-3539_5.sql"/>
    <include file="sets/db_changelog_STARTUPHUB-3621.sql"/>
    <include file="sets/db_changelog_STARTUPHUB-3588.sql"/>

    <include file="sets/db_changelog_STARTUPHUB-3645.sql"/>
    <include file="sets/db_changelog_STARTUPHUB-3539_6.sql"/>
    <include file="sets/db_changelog_STARTUPHUB-3659.sql"/>
    <include file="sets/db_changelog_STARTUPHUB-3663.sql"/>

    <include file="sets/db_changelog_STARTUPHUB-3663.sql"/>

    <include file="sets/db_changelog_STARTUPHUB-3591.sql"/>
    <include file="sets/db_changelog_stars.sql"/>

    <include file="sets/db_changelog_STARTUPHUB-3682.sql"/>
    <include file="sets/db_changelog_STARTUPHUB-3678.sql"/>

    <include file="sets/db_changelog_STARTUPHUB-3700.sql"/>
    <include file="sets/db_changelog_STARTUPHUB-3700_2.sql"/>
    <include file="sets/db_changelog_STARTUPHUB-3717.sql"/>

    <include file="sets/db_changelog_STARTUPHUB-3676.sql"/>
    <include file="sets/db_changelog_STARTUPHUB-3738.sql"/>
    <include file="sets/db_changelog_STARTUPHUB-3773.sql"/>
    <include file="sets/db_changelog_STARTUPHUB-3699.sql"/>

    <include file="sets/db_changelog_STARTUPHUB-3793.sql"/>

    <include file="sets/db_changelog_STARTUPHUB-3775.sql"/>
    <include file="sets/db_changelog_STARTUPHUB-3805.sql"/>

    <include file="sets/db_changelog_STARTUPHUB-3817.sql"/>

    <include file="sets/db_changelog_STARTUPHUB-3812.sql"/>

    <include file="sets/db_changelog_STARTUPHUB-3233.sql"/>
    <include file="sets/db_changelog_STARTUPHUB-3848.sql"/>

    <include file="sets/db_changelog_STARTUPHUB-3846.sql"/>

    <include file="sets/db_changelog_STARTUPHUB-3591_3.sql"/>

    <include file="sets/db_changelog_STARTUPHUB-3938.sql"/>

    <include file="sets/db_changelog_pages_refactoring.sql"/>
    <include file="sets/db_changelog_syndicate_nz.sql"/>
    <include file="sets/db_changelog_community_nz.sql"/>
    <include file="sets/db_changelog_community_az_startup.sql"/>
    <include file="sets/db_changelog_community_az_corporate.sql"/>
    <include file="sets/db_changelog_community_az_familyoffice.sql"/>
    <include file="sets/db_changelog_community_az_businessangel.sql"/>
    <include file="sets/db_changelog_community_az_venturefond.sql"/>
    <include file="sets/db_changelog_community_az_confrimed_app_startup.sql"/>
    <include file="sets/db_changelog_community_az_not_confrimed_app_startup.sql"/>
    <include file="sets/db_changelog_community_az_confrimed_app_investor.sql"/>
    <include file="sets/db_changelog_community_az_not_confrimed_app_investor.sql"/>

    <include file="sets/db_changelog_STARTUPHUB-3981.sql"/>
    <include file="sets/db_changelog_STARTUPHUB-3990.sql"/>
    <include file="sets/db_changelog_STARTUPHUB-4007.sql"/>
    <include file="sets/db_changelog_STARTUPHUB-3990_2.sql"/>
    <include file="sets/db_changelog_STARTUPHUB-4009.sql"/>
    <include file="sets/db_changelog_STARTUPHUB-4032.sql"/>

    <include file="sets/db_changelog_STARTUPHUB-4042.sql"/>
    <include file="sets/db_changelog_page_values_cache.sql"/>
    <include file="sets/db_changelog_STARTUPHUB-3958.sql"/>
    <include file="sets/db_changelog_page_values_cache2.sql"/>
    <include file="sets/db_changelog_STARTUPHUB-4098.sql"/>
    <include file="sets/db_changelog_STARTUPHUB-4098-2.sql"/>

    <include file="sets/db_changelog_STARTUPHUB-4001.sql"/>

    <include file="sets/db_changelog_STARTUPHUB-4143.sql"/>
    <include file="sets/db_changelog_STARTUPHUB-4119.sql"/>
    <include file="sets/db_changelog_STARTUPHUB-4125.sql"/>

    <include file="sets/db_changelog_reply_schemas.sql"/>
    <include file="sets/db_changelog_sber500_off.sql"/>

    <include file="sets/db_changelog_STARTUPHUB-4208.sql"/>
    <include file="sets/db_changelog_STARTUPHUB-4205.sql"/>

    <include file="sets/db_changelog_STARTUPHUB-4145.sql"/>
    <include file="sets/db_changelog_STARTUPHUB-4236.sql"/>
    <include file="sets/db_changelog_STARTUPHUB-4241.sql"/>
    <include file="sets/db_changelog_STARTUPHUB-4246.sql"/>
    <include file="sets/db_changelog_STARTUPHUB-4246_2.sql"/>
    <include file="sets/db_changelog_STARTUPHUB-4238.sql"/>
    <include file="sets/db_changelog_STARTUPHUB-4238_2.sql"/>
    <include file="sets/db_changelog_STARTUPHUB-4238_2.sql"/>

    <include file="sets/db_changelog_STARTUPHUB-3889.sql"/>
    <include file="sets/db_changelog_STARTUPHUB-4211.sql"/>

    <include file="sets/db_changelog_remove_clientid.sql"/>

    <include file="sets/db_changelog_STARTUPHUB-4259.sql"/>
    <include file="sets/db_changelog_release22.sql"/>
    <include file="sets/db_changelog_STARTUPHUB-4280.sql"/>
    <include file="sets/db_changelog_STARTUPHUB-4285.sql"/>
    <include file="sets/db_changelog_STARTUPHUB-4285_2.sql"/>

    <include file="sets/db_changelog_STARTUPHUB-3409.sql"/>
    <include file="sets/db_changelog_STARTUPHUB-4334.sql"/>
    <include file="sets/db_changelog_STARTUPHUB-4335.sql"/>
    <include file="sets/db_changelog_STARTUPHUB-4302.sql"/>

    <include file="sets/db_changelog_STARTUPHUB-4267.sql"/>
    <include file="sets/db_changelog_STARTUPHUB-4360.sql"/>
    <include file="sets/db_changelog_STARTUPHUB-4360_2.sql"/>
    <include file="sets/db_changelog_STARTUPHUB-4360_3.sql"/>
    <include file="sets/db_changelog_STARTUPHUB-4355.sql"/>
    <include file="sets/db_changelog_STARTUPHUB-4355_2.sql"/>

    <include file="sets/db_changelog_STARTUPHUB-4369.sql"/>

    <include file="sets/db_changelog_STARTUPHUB-4048.sql"/>
    <include file="sets/db_changelog_az_lang.sql"/>
    <include file="sets/db_changelog_by_modified.sql"/>
    <include file="sets/db_changelog_services_az_page.sql"/>

    <include file="sets/db_changelog_STARTUPHUB-4379.sql"/>
    <include file="sets/db_changelog_STARTUPHUB-4411.sql"/>

    <include file="sets/db_changelog_pilots_az.sql"/>
    <include file="sets/db_changelog_pilots_az2.sql"/>
    <include file="sets/db_changelog_pilots_az3.sql"/>
    <include file="sets/db_changelog_STARTUPHUB-4396.sql"/>
    <include file="sets/db_changelog_STARTUPHUB-4396_2.sql"/>
    <include file="sets/db_changelog_STARTUPHUB-4182.sql"/>
    <include file="sets/db_changelog_STARTUPHUB-4424.sql"/>

    <include file="sets/db_changelog_STARTUPHUB-4394.sql"/>
    <include file="sets/db_changelog_STARTUPHUB-4398.sql"/>
    <include file="sets/db_changelog_questionnaire_view.sql"/>

    <include file="sets/db_changelog_STARTUPHUB-4429.sql"/>
    <include file="sets/db_changelog_STARTUPHUB-4165.sql"/>
    <include file="sets/db_changelog_STARTUPHUB-4439.sql"/>

    <include file="sets/db_changelog_scouting_page.sql"/>
    <include file="sets/db_changelog_STARTUPHUB-4165_2.sql"/>
    <include file="sets/db_changelog_STARTUPHUB-4165_3.sql"/>

    <include file="sets/db_changelog_STARTUPHUB-4465.sql"/>
    <include file="sets/db_changelog_STARTUPHUB-1874.sql"/>
    <include file="sets/db_changelog_STARTUPHUB-4475.sql"/>

    <include file="sets/db_changelog_STARTUPHUB-4133.sql"/>

    <include file="sets/db_changelog_STARTUPHUB-4509.sql"/>
    <include file="sets/db_changelog_STARTUPHUB-4508.sql"/>
    <include file="sets/db_changelog_STARTUPHUB-4508_2.sql"/>
    <include file="sets/db_changelog_STARTUPHUB-4495.sql"/>
    <include file="sets/db_changelog_STARTUPHUB-4499.sql"/>

    <include file="sets/db_changelog_STARTUPHUB-4525.sql"/>

    <include file="sets/db_changelog_STARTUPHUB-4538.sql"/>
    <include file="sets/db_changelog_STARTUPHUB-4536.sql"/>

    <include file="sets/db_changelog_recm_page.sql"/>
    <include file="sets/db_changelog_recm_page_2.sql"/>

    <include file="sets/db_changelog_STARTUPHUB-4152.sql"/>
    <include file="sets/db_changelog_meta.sql"/>
    <include file="sets/db_changelog_meta2.sql"/>
    <include file="sets/db_changelog_STARTUPHUB-4600.sql"/>
    <include file="sets/db_changelog_STARTUPHUB-4555.sql"/>
    <include file="sets/db_changelog_STARTUPHUB-4564.sql"/>

    <include file="sets/db_changelog_STARTUPHUB-4668.sql"/>
    <include file="sets/db_changelog_STARTUPHUB-4668_2.sql"/>

    <include file="sets/db_changelog_STARTUPHUB-4711_ru.sql"/>
    <include file="sets/db_changelog_STARTUPHUB-4711_en.sql"/>

    <include file="sets/db_changelog_STARTUPHUB-4733.sql"/>

    <include file="sets/db_changelog_STARTUPHUB-4755.sql"/>

    <include file="sets/db_changelog_STARTUPHUB-4830.sql"/>
    <include file="sets/db_changelog_STARTUPHUB-4733_2.sql"/>
    <include file="sets/db_changelog_STARTUPHUB-4733_3.sql"/>
    <include file="sets/db_changelog_STARTUPHUB-4733_4.sql"/>
    <include file="sets/db_changelog_STARTUPHUB-4733_5.sql"/>
    <include file="sets/db_changelog_import_replace.sql"/>

    <include file="sets/db_changelog_STARTUPHUB-4847.sql"/>

    <include file="sets/db_changelog_STARTUPHUB-4832.sql"/>
    <include file="sets/db_changelog_STARTUPHUB-4876.sql"/>

    <include file="sets/db_changelog_STARTUPHUB-4797.sql"/>

    <include file="sets/db_changelog_STARTUPHUB-4832_2.sql"/>
    <include file="sets/db_changelog_STARTUPHUB-4877.sql"/>
    <include file="sets/db_changelog_STARTUPHUB-4877_2.sql"/>
    <include file="sets/db_changelog_STARTUPHUB-4901.sql"/>
    <include file="sets/db_changelog_STARTUPHUB-4908.sql"/>

    <include file="sets/db_changelog_STARTUPHUB-4799.sql"/>
    <include file="sets/db_changelog_STARTUPHUB-4935.sql"/>
    <include file="sets/db_changelog_STARTUPHUB-4356.sql"/>

    <include file="sets/db_changelog_STARTUPHUB-4945.sql"/>
    <include file="sets/db_changelog_metric_add.sql"/>

    <include file="sets/db_changelog_STARTUPHUB-4970.sql"/>
    <include file="sets/db_changelog_metric_add2.sql"/>
    <include file="sets/db_changelog_metric_add3.sql"/>

    <include file="sets/db_changelog_import_filter.sql"/>
    <include file="sets/db_changelog_STARTUPHUB-4848.sql"/>

    <include file="sets/db_changelog_vas_page.sql"/>
    <include file="sets/db_changelog_STARTUPHUB-4989.sql"/>

    <include file="sets/db_changelog_import_unauth.sql"/>
    <include file="sets/db_changelog_STARTUPHUB-4995.sql"/>
    <include file="sets/db_changelog_STARTUPHUB-4995_1.sql"/>
    <include file="sets/db_changelog_STARTUPHUB-4995_2.sql"/>
    <include file="sets/db_changelog_STARTUPHUB-4995_3.sql"/>
    <include file="sets/db_changelog_STARTUPHUB-4995_4.sql"/>
    <include file="sets/db_changelog_STARTUPHUB-4995_5.sql"/>
    <include file="sets/db_changelog_STARTUPHUB-4995_6.sql"/>
    <include file="sets/db_changelog_STARTUPHUB-4995_7.sql"/>
    <include file="sets/db_changelog_STARTUPHUB-4995_8.sql"/>
    <include file="sets/db_changelog_STARTUPHUB-4995_9.sql"/>
    <include file="sets/db_changelog_STARTUPHUB-4995_10.sql"/>

    <include file="sets/db_changelog_STARTUPHUB-5034.sql"/>
    <include file="sets/db_changelog_STARTUPHUB-4791.sql"/>
    <include file="sets/db_changelog_STARTUPHUB-4691.sql"/>

    <include file="sets/db_changelog_STARTUPHUB-5073.sql"/>
    <include file="sets/db_changelog_STARTUPHUB-5081.sql"/>

    <include file="sets/db_changelog_STARTUPHUB-5088.sql"/>
    <include file="sets/db_changelog_STARTUPHUB-5089.sql"/>

    <include file="sets/db_changelog_metrics.sql"/>

    <include file="sets/db_changelog_STARTUPHUB-5096.sql"/>

    <include file="sets/db_changelog_metrics-2.sql"/>

    <include file="sets/db_changelog_STARTUPHUB-5120.sql"/>
    <include file="sets/db_changelog_STARTUPHUB-5120_2.sql"/>
    <include file="sets/db_changelog_STARTUPHUB-5142.sql"/>
    <include file="sets/db_changelog_STARTUPHUB-5152.sql"/>

    <include file="sets/db_changelog_STARTUPHUB-4884.sql"/>
    <include file="sets/db_changelog_STARTUPHUB-5124.sql"/>
    <include file="sets/db_changelog_STARTUPHUB-5166.sql"/>
    <include file="sets/db_changelog_STARTUPHUB-5146.sql"/>
    <include file="sets/db_changelog_STARTUPHUB-5188.sql"/>
    <include file="sets/db_changelog_STARTUPHUB-5144.sql"/>
    <include file="sets/db_changelog_STARTUPHUB-5197.sql"/>
    <include file="sets/db_changelog_participant_registrations.sql"/>
    <include file="sets/db_changelog_STARTUPHUB-4693.sql"/>
    <include file="sets/db_changelog_STARTUPHUB-5109.sql"/>
    <include file="sets/db_changelog_parcipant_reg.sql"/>
    <include file="sets/db_changelog_STARTUPHUB-5239.sql"/>
    <include file="sets/db_changelog_STARTUPHUB-5237.sql"/>

    <include file="sets/db_changelog_STARTUPHUB-4187.sql"/>

    <include file="sets/db_changelog_reply_view.sql"/>
    <include file="sets/db_changelog_STARTUPHUB-5202.sql"/>
    <include file="sets/db_changelog_STARTUPHUB-5181.sql"/>
    <include file="sets/db_changelog_auth_pilots.sql"/>

    <include file="sets/db_changelog_STARTUPHUB-5156.sql"/>
    <include file="sets/db_changelog_STARTUPHUB-4764-2.sql"/>

    <include file="sets/db_changelog_STARTUPHUB-5299.sql"/>

    <include file="sets/db_changelog_STARTUPHUB-5167.sql"/>

    <include file="sets/db_changelog_STARTUPHUB-5353.sql"/>
    <include file="sets/db_changelog_STARTUPHUB-5353_2.sql"/>
    <include file="sets/db_changelog_STARTUPHUB-5360_new.sql"/>
    <include file="sets/db_changelog_STARTUPHUB-5265.sql"/>

    <include file="sets/db_changelog_STARTUPHUB-5297.sql"/>
    <include file="sets/db_changelog_sidebar.sql"/>

    <include file="sets/db_changelog_select_tariff.sql"/>

    <include file="sets/db_changelog_STARTUPHUB-5379.sql"/>
    <include file="sets/db_changelog_STARTUPHUB-5297_2.sql"/>

    <include file="sets/db_changelog_STARTUPHUB-5449.sql"/>

    <include file="sets/db_changelog_main_reply.sql"/>
    <include file="sets/db_changelog_STARTUPHUB-5150.sql"/>
    <include file="sets/db_changelog_STARTUPHUB-5297_3.sql"/>
    <include file="sets/db_changelog_STARTUPHUB-5297_4.sql"/>

    <include file="sets/db_changelog_auth_investment_investor.sql"/>
    <include file="sets/db_changelog_config_no_wrap.sql"/>
    <include file="sets/db_changelog_pilot-view_ru.sql"/>

    <include file="sets/db_changelog_auth_investment_startup.sql"/>

    <include file="sets/db_changelog_STARTUPHUB-5462.sql"/>
    <include file="sets/db_changelog_auth_investment_round_view.sql"/>

    <include file="sets/db_changelog_STARTUPHUB-5463.sql"/>
    <include file="sets/db_changelog_STARTUPHUB-5561.sql"/>
</databaseChangeLog>
